,lat,lng,day,minute,hour,decibelMean,n_agg
0,42.24565606220335,-71.02265713984424,3,56.0,11,55.63824631936912,1
1,42.24562831338372,-71.02266963014092,3,19.0,12,70.67550641647483,1
2,42.24951134444333,-71.07746107429786,4,22.0,17,52.07084814398864,1
3,42.251006879342434,-71.07105375326539,3,3.6666666666666665,3,55.513049624379285,3
4,42.25521940741898,-71.0456779786116,6,38.5,4,60.04927466551756,2
5,42.25530572006689,-71.04569134774715,3,58.5,9,59.198769795744155,2
6,42.2553235944754,-71.04581519036651,4,0.0,10,52.65747512796938,1
7,42.25533767607273,-71.04559080681861,2,12.0,10,52.88731932917114,1
8,42.25533553868742,-71.04565182707371,4,18.0,14,55.404525610044615,1
9,42.255217898676406,-71.04575718759656,0,21.0,20,64.33135859230906,1
10,42.25537235179807,-71.04545995733268,0,31.0,5,59.40852147080757,1
11,42.25558967625589,-71.04558712641796,4,13.0,10,53.810202573007174,1
12,42.25816445366291,-71.04064094835005,4,55.0,23,69.8440808889215,1
13,42.25958313801584,-71.12331408108193,1,26.0,23,67.8352932378393,1
14,42.26120220000001,-71.0898555,6,52.0,18,48.86619885014637,1
15,42.26288786528689,-71.01899835344385,6,10.0,0,61.63229022222537,1
16,42.26443053227128,-71.16782133474123,0,14.0,14,64.00544783067984,1
17,42.264924266666654,-71.16052156666666,0,32.0,10,66.15810452388646,3
18,42.2649573,-71.16058425,3,3.0,11,68.52210477390496,2
19,42.264914266666665,-71.16052619999999,3,11.666666666666664,11,66.5217134481034,3
20,42.2649217,-71.1605275,4,45.0,20,59.561032678531845,1
21,42.264907750000006,-71.16053425000001,0,12.0,21,66.49119359928936,2
22,42.2649284,-71.1605069,4,39.0,21,55.95258006806779,1
23,42.26487685,-71.16038745,4,48.5,20,70.31522110790146,2
24,42.2731561,-71.16323259999999,0,29.0,10,63.783362652208346,1
25,42.27471479218665,-71.12162187702127,4,22.0,18,45.135795361118184,1
26,42.27717852968792,-71.0486168198572,6,51.0,17,50.49216564951933,1
27,42.278003935673645,-71.13644394535915,2,7.0,12,63.61591080565381,1
28,42.27794772153282,-71.13641676120375,0,10.0,20,61.629377606164,1
29,42.27931960024152,-71.12997913739748,6,51.0,11,68.22735113485358,1
30,42.279181103261436,-71.12984634011156,6,55.66666666666666,11,70.36005242291718,3
31,42.279102592768396,-71.12977311021753,6,0.0,12,70.26666035133073,1
32,42.2800997039697,-71.13089511177607,0,31.0,19,54.339252322635424,1
33,42.28048981764388,-71.12398409007905,6,24.0,10,60.01969758345597,1
34,42.28072109425996,-71.12452492582166,3,20.0,11,71.34088567048329,1
35,42.28056490971818,-71.12416605300211,4,17.333333333333332,9,62.87760504425086,3
36,42.28053018677461,-71.12428958526961,4,25.0,9,67.69539733299575,1
37,42.28070021684381,-71.12426607107297,6,37.0,9,52.92967389479585,1
38,42.2807199463284,-71.12431711754377,6,46.8,9,53.136641605400584,5
39,42.28077552841104,-71.1243290034733,6,57.0,9,50.92789160475454,2
40,42.280664207711375,-71.12410455582781,6,4.0,10,49.651028348752995,4
41,42.28069421384472,-71.12412045887201,6,17.333333333333332,10,54.19389049145949,3
42,42.280678635738724,-71.12432553386887,5,29.0,10,45.27585629647695,4
43,42.280615219887906,-71.1239657016956,6,24.0,10,62.998851297482965,2
44,42.28066006456381,-71.12427773207911,5,44.0,10,52.338073258226174,1
45,42.28071577365544,-71.12432949748194,5,7.0,11,50.9068256492004,1
46,42.28100492769769,-71.12387278626302,6,5.0,11,67.5872332718014,1
47,42.280809525439786,-71.12428166444519,3,17.5,11,66.4896160508115,2
48,42.280670459337784,-71.12428374608959,5,9.5,11,61.21517732839406,2
49,42.28071066411424,-71.12422890814406,6,13.5,11,56.550209153750075,2
50,42.28069239322476,-71.12421358918715,3,28.0,11,59.23411600160061,3
51,42.28170285811039,-71.13308874851977,6,57.0,11,44.21249287037801,1
52,42.281716348246434,-71.1330878011302,6,0.0,12,44.78559629761729,1
53,42.28168543935389,-71.13299773713644,6,13.666666666666664,12,37.820218174852094,3
54,42.282705176661054,-71.12598859711655,6,1.0,11,66.06215631104965,1
55,42.285303807515604,-71.12576754956372,3,24.0,10,51.488915429388754,1
56,42.28544006593738,-71.12582221633859,1,51.0,11,59.53270795974903,1
57,42.28521902991305,-71.12570112764834,1,55.0,11,64.20178514208071,2
58,42.2859932,-71.0677834,6,18.0,13,61.162179847746465,1
59,42.28698537134668,-71.17086735457771,6,38.0,13,40.75054178304315,1
60,42.2869079467303,-71.13151595934399,2,7.0,21,82.7126230006814,1
61,42.287168288642796,-71.1309612449921,0,33.0,10,81.57137445304733,1
62,42.28998455523348,-71.13077529122263,6,46.0,14,33.92168699897809,1
63,42.2897701,-71.1296324,6,50.0,11,70.66751830291791,1
64,42.290204,-71.1289953,6,52.0,11,69.64440828470578,1
65,42.2904979,-71.12865759999998,6,53.0,11,68.8746779244639,1
66,42.2901441,-71.1293417,6,23.0,12,79.72269990824182,1
67,42.29006243700232,-71.06381101846458,1,27.0,1,61.380578990796145,2
68,42.290068040444474,-71.06373609329069,1,21.0,2,49.33150410102067,1
69,42.29008421854344,-71.06377011791632,1,23.5,2,61.80764159189226,2
70,42.29023184892501,-71.06391700123321,4,29.0,23,60.774366710736686,1
71,42.29034437162071,-71.06383654496622,1,48.0,23,49.400273358342545,1
72,42.29070415,-71.13353405000002,6,28.5,12,68.13763723996794,2
73,42.2909342,-71.1334141,6,36.0,9,54.74444269141478,1
74,42.29073015,-71.13321915,6,47.5,9,57.58747214671307,2
75,42.29081542500001,-71.13343,6,55.25,9,64.97460597100411,4
76,42.29079996666667,-71.1334088333333,6,2.333333333333333,10,62.26592099547478,3
77,42.2909202,-71.1333719,6,8.0,10,70.62109053062031,1
78,42.2906945,-71.133444,6,19.0,12,74.85930067952977,1
79,42.2912615,-71.1318601,6,26.0,12,69.91871447477611,1
80,42.2909949,-71.1304729,6,24.0,12,72.00853005014754,1
81,42.2910191,-71.1280088,6,46.0,11,67.2541941567044,1
82,42.29107256666666,-71.12790856666666,6,55.66666666666666,11,72.38329041718576,3
83,42.2908657,-71.12771540000001,6,9.0,12,63.91006495630922,1
84,42.2906065,-71.1274025,6,20.0,12,69.5695075572862,1
85,42.291034,-71.12494040000001,6,7.0,12,63.500484063838776,1
86,42.2907292,-71.12312740000002,6,15.5,12,71.24055171391342,2
87,42.2914949,-71.12238470000001,6,4.0,12,78.3787787762932,1
88,42.2919636,-71.12894255,6,48.0,11,67.96200868520884,2
89,42.29176696666666,-71.12867879999999,6,57.33333333333334,11,75.19619024910894,3
90,42.2919525,-71.129459,6,11.0,12,73.21513409468207,1
91,42.2923562,-71.12370849999998,6,6.0,12,74.39803086161356,1
92,42.2917401,-71.1221581,6,18.0,12,68.37775674971994,1
93,42.2928166,-71.13004575,6,1.5,12,74.87660083399012,2
94,42.29335125,-71.12476640000001,6,54.5,11,75.83109948885304,2
95,42.2944242,-71.1306966,6,13.0,12,75.83046233244085,1
96,42.294689,-71.1307759,6,13.0,12,73.41788077881219,1
97,42.29776364289438,-71.11077359884149,5,14.0,5,23.955069154142752,1
98,42.300925460540064,-71.06007251294425,2,6.0,23,51.707176616416206,1
99,42.306287745053226,-71.11186131841606,1,1.0,2,44.2,1
100,42.3067645,-71.10374905,3,53.5,11,66.03675738411397,2
101,42.306749,-71.0934631,5,30.4,13,71.92115188223755,5
102,42.31043250000001,-71.0904462,6,54.0,12,65.19604815189888,1
103,42.3105136,-71.0981287,5,1.0,13,73.62453822079017,1
104,42.31116770000001,-71.0982454,5,10.0,13,73.84572328503725,1
105,42.31116770000001,-71.0982454,5,35.0,13,75.02401608621967,1
106,42.31083725000001,-71.09823047500002,5,44.0,13,71.41460325535516,4
107,42.312416070842296,-71.108598785026,6,13.0,16,53.90698118608832,1
108,42.31237920770757,-71.10857063280271,6,25.0,16,49.909024597134895,1
109,42.3119961,-71.097874,5,6.0,13,71.21908368385718,1
110,42.3119961,-71.097874,5,9.0,13,73.25658872181565,1
111,42.3121453,-71.0867488,0,48.5,12,68.9215909201536,2
112,42.3122698,-71.0869503,4,38.0,12,71.702232527111,1
113,42.311943233333345,-71.08588546666667,4,42.0,12,70.23409123204661,3
114,42.3123543,-71.0852225,4,45.0,12,75.53102538288745,1
115,42.3123959,-71.0848283,0,58.0,12,71.78539879352752,1
116,42.312834388615855,-71.11724291934736,5,47.0,0,42.131508759564944,1
117,42.3132342,-71.091189,6,14.0,14,73.4388135492323,1
118,42.3133188,-71.0890399,6,52.0,9,70.52489221490526,1
119,42.3132005,-71.08904009999998,6,57.0,9,73.65625618973709,1
120,42.3132651,-71.0890969,6,7.0,10,67.95853108430494,1
121,42.3133092090909,-71.08904333636364,6,15.545454545454545,10,65.30392036160214,11
122,42.313277157142856,-71.08909148571428,6,27.857142857142854,10,63.874057575748004,7
123,42.3132991,-71.089138,6,37.0,11,58.37113884738943,1
124,42.313323100000005,-71.0891282,6,4.5,12,64.53874548394685,4
125,42.313339833333345,-71.0890215,0,20.33333333333333,12,59.79722664090867,3
126,42.313201275,-71.0889964,4,18.5,12,69.27830561588948,4
127,42.31328377272728,-71.08906275454545,6,14.454545454545455,12,68.60886714335881,11
128,42.313302475,-71.089005575,0,27.75,12,61.217372767801294,4
129,42.31326206,-71.08916307999998,4,34.8,12,70.95756744520077,5
130,42.31327975,-71.08906440000001,5,31.25,12,68.1493934513817,4
131,42.31324519090909,-71.08905174545455,6,29.0,12,69.59730127671325,11
132,42.313231111111115,-71.08905175555556,4,43.0,12,69.5691120182195,9
133,42.31318125,-71.0889411,5,43.0,12,72.62418043301565,2
134,42.313263166666665,-71.08904079999999,6,42.66666666666666,12,68.84121228699887,6
135,42.313248175,-71.08909882500002,4,56.5,12,69.35111603465435,4
136,42.3132618,-71.08903360000002,4,3.8333333333333335,13,64.63036585690186,6
137,42.31327433333335,-71.0891035666667,6,6.333333333333332,13,66.15877630330185,3
138,42.313311382352936,-71.08908355294116,4,14.294117647058822,13,66.42813237139639,17
139,42.31320428,-71.08897434,5,17.0,13,70.62200993190106,5
140,42.31327475,-71.08910911666669,6,13.833333333333336,13,65.91913585602079,6
141,42.3132542,-71.0891598,3,37.0,13,73.4131440348264,1
142,42.313324,-71.08913307142858,4,31.57142857142857,13,60.264667362833954,7
143,42.31329453333333,-71.089055,5,32.0,13,70.95985052286814,3
144,42.31329972,-71.08910376000001,6,29.8,13,65.599578198216,5
145,42.3133474,-71.08933145,3,47.5,13,69.21118907913538,2
146,42.3133254,-71.08913658333334,4,41.66666666666666,13,57.57612339208945,6
147,42.31329623333335,-71.08905258333334,5,45.66666666666666,13,69.95900486617066,6
148,42.31323195,-71.08902040000002,6,45.2,13,67.99673827164614,10
149,42.313206533333336,-71.08897996666666,5,57.33333333333334,13,60.83618945058405,3
150,42.31328805,-71.08910159999999,6,56.5,13,64.66986955566918,2
151,42.3133083,-71.08904749999998,5,2.0,14,59.33934733619994,1
152,42.3131728,-71.0890026,6,0.0,14,69.73256817149813,1
153,42.313302,-71.089099,6,16.0,14,63.007187731008045,1
154,42.3128911,-71.0883189,1,20.0,12,70.98608372762446,1
155,42.31271646666666,-71.0878675,4,33.666666666666664,12,69.03147935557554,3
156,42.312635625,-71.08770452499998,6,34.5,12,70.72822686286574,4
157,42.312704775,-71.0877181,0,42.25,12,71.13769808843514,4
158,42.31296270000001,-71.0881343,1,57.0,13,70.64747223942558,1
159,42.3131908,-71.0867286,4,6.0,12,73.27477977539839,1
160,42.3125492,-71.0874337,0,43.0,12,71.75259006634369,1
161,42.31296295,-71.08493812500002,4,49.75,12,73.84530996248836,4
162,42.31296470000001,-71.084786,0,0.0,13,71.92555552630186,1
163,42.3139724,-71.08918685,4,31.5,12,71.95634974489582,2
164,42.3137318,-71.0890359,3,3.0,13,69.9783787691272,1
165,42.31387285,-71.08909885,4,4.5,13,73.54658608398853,2
166,42.3141067,-71.08816340000001,4,17.0,12,71.5364104996537,2
167,42.3144591,-71.08821999999998,4,30.0,12,70.50144685747117,1
168,42.31442365,-71.08840615,0,13.5,13,71.51096279384981,2
169,42.3144738,-71.0882717,3,32.0,13,69.96519456168011,1
170,42.313933350000006,-71.08610055,4,56.5,12,71.94589893790655,2
171,42.31375985,-71.08532225,4,54.5,12,71.41182530953944,2
172,42.3141171,-71.05436834999998,6,47.5,12,66.27336260197865,2
173,42.3149191,-71.0883214,4,24.0,12,73.25278726602815,1
174,42.315448,-71.08755959999998,3,10.0,13,72.42437274911069,1
175,42.31486320000001,-71.08804509999999,3,31.0,13,72.79961817194159,1
176,42.31479915,-71.08788365000002,1,50.0,13,72.46472857355997,2
177,42.3152167,-71.0877345,3,40.0,13,75.40163670045408,1
178,42.31509751063478,-71.0727023654838,1,58.0,10,58.474306993164156,1
179,42.3153814560665,-71.03954053881513,1,18.0,19,67.45873099396825,1
180,42.3159622289752,-71.10986358688322,1,58.0,10,70.17711562457723,2
181,42.31598118951412,-71.10979211652119,1,14.333333333333336,11,70.28068204058064,3
182,42.31587794672554,-71.10956746911688,1,23.0,11,69.33821895050775,1
183,42.31604879117965,-71.1098479881543,5,7.0,12,55.73238503728364,1
184,42.315958762240896,-71.1098986179351,5,13.0,12,67.00133649588024,1
185,42.3156385,-71.08750359999998,3,39.0,13,73.33240362428397,1
186,42.3161979,-71.08686213333334,3,13.666666666666664,13,71.31635978073297,3
187,42.315892100000006,-71.08714385,1,30.0,13,71.91110939058092,2
188,42.31617653333333,-71.08699833333333,3,29.33333333333333,13,74.61940852599817,3
189,42.31612595,-71.0869405,1,46.5,13,73.27699494970733,2
190,42.3162574,-71.0862254,3,16.0,13,70.32597228123619,1
191,42.31693665,-71.0868035,3,14.5,13,71.64500176651885,2
192,42.31693955,-71.0867442,1,35.0,13,71.90920363055386,2
193,42.31683004999999,-71.08675844999998,3,23.0,13,72.09041664372356,2
194,42.3166777,-71.08658270000002,1,39.0,13,71.17890503329147,1
195,42.31694810000001,-71.0863706,1,37.0,13,71.16907059157704,1
196,42.3168011,-71.08615490000003,1,41.0,13,71.6786860583564,1
197,42.318132294591706,-71.10818528925017,1,31.0,11,58.32202611124517,1
198,42.318035048567,-71.10817592709574,5,14.333333333333336,12,69.8360530660763,3
199,42.31919138739944,-71.05215950825081,1,48.0,12,71.49486766919809,1
200,42.3219119675645,-71.05270583069057,1,50.5,12,77.920017704257,2
201,42.32436084658124,-71.10681063502199,3,36.0,1,63.3882218692689,1
202,42.325920973282365,-71.19794307288478,3,59.0,19,64.94353862350178,1
203,42.32584528930211,-71.19768847279806,3,1.0,20,64.38128047860717,1
204,42.32598379504385,-71.19818039260305,3,48.0,20,65.9153481009588,1
205,42.32609609507371,-71.1978853449138,5,27.0,21,54.883116366763204,1
206,42.32596615535257,-71.19802634751358,5,42.0,21,65.00951346375622,1
207,42.326617654546425,-71.05676262410134,3,45.0,21,71.07046015059029,2
208,42.327817861195456,-71.15292016965836,2,56.0,20,77.01942549755425,1
209,42.327933637484996,-71.12686714112013,5,16.0,15,67.06056715263371,4
210,42.32793161020109,-71.12682908782581,5,29.0,15,63.54856693978714,3
211,42.32795722987768,-71.12631572705149,1,1.0,20,69.26564869692622,1
212,42.327832714693926,-71.12635974778898,1,19.0,20,60.673325195533884,1
213,42.3290855,-71.07081459999998,4,21.0,13,75.22264948186175,1
214,42.329070633333345,-71.07081736666666,4,24.66666666666667,13,72.85370777103111,3
215,42.32872185,-71.070224,4,18.5,13,72.51065206517053,2
216,42.3294617,-71.07046820000002,4,28.0,13,70.93750159242047,1
217,42.33015118223712,-71.13519561415693,0,17.5,12,53.63352987084779,2
218,42.3297357,-71.09862840000002,4,55.0,12,69.57097933820489,1
219,42.3304549,-71.0841325,6,36.0,11,57.4380313533601,1
220,42.3301765,-71.0571585,5,28.0,15,63.97977035154138,1
221,42.3309893,-71.14255390000002,0,0.0,18,73.81793314184216,1
222,42.3306559,-71.14190409999998,0,1.0,18,69.1914304856482,1
223,42.33068221,-71.09726926,6,59.0,0,51.432499481178034,1
224,42.33079942,-71.09720916,5,30.0,16,43.21716255611921,1
225,42.33226934714948,-71.1216758728155,3,31.0,0,68.52070629481483,1
226,42.33203197168358,-71.12096223691685,3,34.0,0,76.71788108697879,1
227,42.33195735945254,-71.12073606811788,3,46.0,0,58.3217460919301,1
228,42.33197148893245,-71.10292914330131,5,31.0,16,74.15115487918094,1
229,42.33213616,-71.10046673,5,19.0,15,79.96451145700372,1
230,42.332454747559815,-71.10024014494483,5,32.0,15,66.82220036376582,1
231,42.33264925669968,-71.1108864889366,0,19.0,11,69.85624077959812,1
232,42.33283960264393,-71.10129500745899,2,44.0,21,68.81543124789172,1
233,42.33267728708901,-71.10049705027704,3,0.0,0,62.32288674058737,1
234,42.33250070597539,-71.10035705224081,5,28.0,16,65.07467331057444,1
235,42.3341933,-71.1442482,0,52.0,17,81.69244149108614,1
236,42.334396856474534,-71.12812939292873,3,40.0,0,59.33893845957592,1
237,42.333904452173684,-71.12663972184725,3,41.0,0,72.51430590926816,1
238,42.33420053586215,-71.11817894787492,6,17.0,3,47.29587154417504,1
239,42.3342493510926,-71.11817704504097,3,50.0,11,54.202841744643685,1
240,42.334281496237395,-71.11818471643902,3,53.0,11,50.861464431862046,1
241,42.333878073948576,-71.1181448943325,3,41.0,13,63.37187915120091,1
242,42.33386163,-71.10884943,0,20.0,9,67.06155206314767,1
243,42.33444613,-71.10840702,1,52.0,6,57.15929573355629,1
244,42.33422107589855,-71.10499652720397,5,56.0,16,81.93883030825303,1
245,42.3347522,-71.1428882,0,49.0,17,79.97972224022485,1
246,42.3352604,-71.10300380000002,0,9.5,0,83.13348479668967,2
247,42.334974053698296,-71.10261164434436,5,47.0,15,68.18218018373456,1
248,42.33492871068488,-71.10176657231159,0,37.0,3,35.43865714651506,1
249,42.33521477381478,-71.07151468436413,0,56.0,22,57.84220784772332,1
250,42.3360867,-71.1447221,0,37.0,18,57.36164003757328,1
251,42.33621220000001,-71.1448168,0,38.0,18,60.88377298173109,1
252,42.3357291,-71.1018316,0,26.0,16,75.63316980225363,1
253,42.33591867634456,-71.07375183896578,2,3.0,11,70.01897566705874,1
254,42.336081915617825,-71.07204465381575,4,51.0,18,48.47672446818932,1
255,42.3371301,-71.14671990000002,5,49.33333333333334,3,75.72345698478915,3
256,42.33703576414189,-71.14654160284437,2,10.0,5,60.36363636363637,1
257,42.3371301,-71.14671990000002,1,46.5,7,75.67648217522067,2
258,42.3371301,-71.14671990000002,4,17.0,10,70.1233341966029,1
259,42.33696664442041,-71.14642508467409,4,29.0,3,57.4,1
260,42.336956364567214,-71.14648890619081,2,15.0,5,62.36363636363637,1
261,42.33690705161796,-71.109380069235,2,15.0,21,59.503210130642316,1
262,42.33735819059207,-71.07406908625633,2,20.0,10,69.01610149235374,1
263,42.33738147122453,-71.07402729656178,2,23.5,10,70.25380274630092,2
264,42.33738227936328,-71.07404610240009,5,24.5,11,46.917843868587894,4
265,42.33668544649232,-71.02521580947273,6,25.0,13,52.70690936608055,2
266,42.338166370866816,-71.10687533049905,6,56.0,13,70.35815049476538,1
267,42.338011823634,-71.10535805120236,2,28.0,15,72.32326308356667,1
268,42.33782898978577,-71.0961649643577,3,24.0,13,70.64576052169116,1
269,42.33860207172552,-71.13716091247358,1,6.0,0,49.56477361027989,1
270,42.33872902604578,-71.13701648741252,1,12.5,0,60.55719383111197,4
271,42.33856582312696,-71.13732777883592,0,56.0,23,45.088901987497216,1
272,42.339495444269375,-71.12478401826219,3,4.0,12,71.04876691413203,1
273,42.339411731700885,-71.12480310675593,1,15.5,18,70.46720226860361,2
274,42.33921413598062,-71.10785786950738,3,27.0,16,51.9,1
275,42.33883047035111,-71.10716774424439,3,12.0,15,65.8,1
276,42.339125,-71.1012746,1,0.0,15,65.4362125887404,1
277,42.33874949821868,-71.10082945916483,2,4.0,18,68.25930492922673,1
278,42.33897965904216,-71.1014972060426,2,51.0,22,68.06647819762135,1
279,42.3392632037325,-71.10110327526552,2,59.0,23,67.31979020311697,1
280,42.33923470139721,-71.0996189621008,0,30.0,13,76.84220784701853,1
281,42.339145120824156,-71.1001329710152,2,3.0,16,56.603474115847476,1
282,42.3391363732648,-71.10013259724622,1,20.666666666666668,16,68.21153446876089,3
283,42.3392812,-71.10023000000002,3,56.0,16,79.14343460377714,1
284,42.33925870000001,-71.1002068,3,11.0,17,77.30408236582034,1
285,42.33910970810377,-71.1001436908613,0,40.0,17,57.28548462507445,1
286,42.33917105665052,-71.10013938895534,0,36.0,18,65.77070700235093,1
287,42.3392801313124,-71.09952743171816,1,24.0,20,56.139887364667004,1
288,42.33921517390544,-71.10002117890116,0,39.0,22,62.091075980622044,1
289,42.338683465535134,-71.09911881393855,0,25.0,22,67.01194707882205,1
290,42.3392275662352,-71.08571176939347,0,46.0,10,71.18080306426252,1
291,42.33852158411821,-71.07452619772515,0,22.0,19,55.90329160664543,1
292,42.340369,-71.1810058,0,52.0,15,71.77850392121346,1
293,42.34041679999999,-71.1809768,3,37.0,20,54.200716637335006,1
294,42.3403569,-71.1810545,6,17.0,23,73.10245609817795,1
295,42.3404302,-71.1809809,0,55.0,23,55.63494348721034,1
296,42.33952678797032,-71.12467837910971,1,45.0,12,55.425929127896225,1
297,42.33956989287359,-71.1250305721718,3,56.0,17,69.20442723599498,1
298,42.33969897501388,-71.12448245293565,1,5.0,2,45.780348795359785,3
299,42.33964196500036,-71.12435376409263,5,58.0,13,64.3358613414471,1
300,42.33953556981155,-71.12439712516137,0,31.0,14,70.34444551638141,1
301,42.33971965151077,-71.12440364426445,2,38.0,15,46.77340018406858,1
302,42.34003292008811,-71.12440371100558,2,55.0,16,71.63681595381134,1
303,42.339913839403295,-71.10104088016641,3,35.0,0,50.22344468898465,1
304,42.33991951437396,-71.10085814837433,3,57.0,0,57.03224444312942,1
305,42.33988759503417,-71.10090548898697,4,5.0,14,63.17790417841764,1
306,42.339844810154965,-71.10092571730745,3,39.0,14,61.58729491170893,2
307,42.3398204,-71.1008209,4,11.0,15,88.43054838535355,1
308,42.339834819733575,-71.1009329985149,2,21.0,16,60.37188462910076,1
309,42.33957472143765,-71.10105066473452,1,35.0,16,38.3592877370367,1
310,42.33976168876088,-71.10094633996955,2,48.0,16,48.47222808213007,1
311,42.339731203651816,-71.10084259380189,5,58.0,17,76.54195601263909,1
312,42.33980460201728,-71.10086822828981,6,7.0,19,43.764712355351975,1
313,42.33984138580136,-71.10090891207784,3,22.0,19,46.69856913281961,1
314,42.33995121100481,-71.10083979993544,2,13.0,22,54.05699638167359,5
315,42.33969865453671,-71.10007564838962,1,58.0,13,58.34838909367165,1
316,42.3398267661899,-71.10001388725243,3,13.0,15,54.95014005580847,1
317,42.33969568560313,-71.1001633210263,6,48.0,21,65.06967411149529,1
318,42.34121663308493,-71.10623309694081,3,38.0,1,61.07495165874708,1
319,42.34093074187499,-71.10585707389436,3,22.0,2,57.52027368247305,1
320,42.34122692389281,-71.10621151275444,5,17.0,2,49.12362428875243,1
321,42.34063400108367,-71.10564667107897,3,10.0,10,60.38730366539436,1
322,42.34108538370798,-71.10561009503074,6,6.0,18,56.02231173749463,1
323,42.3408506,-71.1059103,6,22.0,22,89.69775688956099,1
324,42.340773391455606,-71.1054428409937,1,2.0,12,64.37038575576197,1
325,42.34076008204587,-71.10539392574792,3,25.0,20,65.05820313806028,1
326,42.34145608810733,-71.10416168697898,2,13.5,1,65.47524544403272,2
327,42.34132649288165,-71.10354940617181,2,30.0,2,55.50122385236284,1
328,42.3412180042204,-71.10364520788856,6,56.0,2,63.40827259562644,1
329,42.34137803785721,-71.10367781489259,0,53.0,11,75.34418684085676,1
330,42.3412730676295,-71.10368641742946,2,56.0,15,72.32708081047524,1
331,42.34091850292976,-71.10357195754388,3,44.0,17,60.431495981514814,1
332,42.34120579223361,-71.10269230168996,2,56.0,0,59.30185937208238,1
333,42.341243942689815,-71.10279923708157,2,2.0,1,45.18255918656626,1
334,42.340914427750675,-71.10347555687676,4,36.0,3,57.60117215790204,1
335,42.34099947808791,-71.10320412734649,4,14.5,12,50.32296937074466,2
336,42.34063250334074,-71.1015074140404,2,22.0,0,49.46994982980053,1
337,42.34109378999999,-71.10223097999999,1,58.0,11,72.2356273225252,1
338,42.3411802,-71.0982454,5,8.0,2,69.36529666982757,1
339,42.3420418845884,-71.16672565235865,2,7.0,1,52.840370347503566,1
340,42.34190227329,-71.16704113044591,0,11.0,1,51.667189415397566,1
341,42.34197805639575,-71.16673235788119,2,8.0,1,56.06488438530898,1
342,42.34202041153768,-71.16652909118261,5,19.0,1,48.38730929081972,1
343,42.341814933686926,-71.16668099413675,5,30.0,1,47.41232725523693,1
344,42.34201669696937,-71.16689479916465,3,43.5,11,77.82856069594935,2
345,42.34216782268355,-71.16657025187385,1,36.0,14,57.73597726930625,1
346,42.34202109849317,-71.16660337122944,5,31.33333333333333,15,68.0482926428986,3
347,42.341997650875506,-71.16656286229832,5,44.0,15,65.0916608954238,1
348,42.34189156764045,-71.16721685400087,3,45.0,17,53.798556701461976,1
349,42.34225072530502,-71.16645520929937,5,2.0,0,57.00664863769642,1
350,42.34227494771603,-71.16638630917292,0,18.0,1,51.357555319767606,1
351,42.34236425165794,-71.16631129663702,1,1.0,13,80.2669809409487,1
352,42.34224004413571,-71.16647622506879,5,32.0,15,75.65852900285302,1
353,42.34207525,-71.122437,0,58.5,16,76.48402281280525,2
354,42.3419639328889,-71.12182656309672,2,0.0,17,76.3723760334501,1
355,42.34176488568593,-71.1046618415827,3,18.0,0,61.05811347514256,1
356,42.34170225705092,-71.10477114796566,3,46.6,0,62.028540248237846,5
357,42.34238071352975,-71.10472153832626,2,55.0,1,66.92058740305073,1
358,42.34234921641146,-71.10484617477952,3,31.6,3,65.45328024219074,5
359,42.3421224,-71.1052437,3,34.0,4,59.261917310780895,1
360,42.341577825834406,-71.10488296831984,5,38.0,18,58.805288024276,1
361,42.34227970841285,-71.1049224928698,0,13.0,19,50.92058740647587,1
362,42.34239607278264,-71.10496574227426,2,40.0,21,42.9595316915434,1
363,42.342374488919134,-71.1040994671908,3,7.0,0,73.85572356132343,1
364,42.342375110898,-71.10443710413898,3,50.0,0,80.44403220893129,1
365,42.342386052962745,-71.10385053254063,2,1.0,1,58.509387997664305,1
366,42.34234610683736,-71.10397365962416,3,18.33333333333333,2,70.95878467478634,3
367,42.34241592259685,-71.10409361690175,3,25.5,2,58.95615940252616,2
368,42.34203534,-71.10433644,2,39.0,17,75.41813638351017,1
369,42.34156775199085,-71.10351012831616,1,8.0,18,58.53983865213989,1
370,42.34242918164125,-71.10375256271473,2,33.0,21,58.28199966329574,1
371,42.34179884283787,-71.10308373694969,3,18.25,1,70.10479296414198,4
372,42.341789730193305,-71.10309089417184,3,30.0,1,71.40980937483768,1
373,42.34152991230142,-71.10348853253485,2,15.0,4,49.376397410909576,1
374,42.34154640767309,-71.10313298707581,4,59.0,5,69.0058626773861,1
375,42.34155562072989,-71.10313890124318,2,49.0,12,67.14787175087896,1
376,42.34160656166181,-71.10312207658377,2,20.0,14,74.64224992362809,1
377,42.34158778077201,-71.10317925408769,6,44.0,18,69.86915501584036,1
378,42.341901,-71.0989882,3,45.0,18,77.22549986500653,1
379,42.34245753689776,-71.09753710630963,5,17.0,3,45.42419802029925,1
380,42.3424692337044,-71.09752214747479,2,29.0,11,39.412985229720455,1
381,42.34247412041071,-71.09757184631263,1,19.0,15,50.47822718247887,1
382,42.34250591237931,-71.10464943865351,1,21.0,18,66.10676140073927,1
383,42.342522061774226,-71.10383036860564,1,39.0,12,52.01892837444452,1
384,42.34252382465765,-71.10425820904999,6,56.0,17,61.66259828265666,2
385,42.34254552292725,-71.1041985383767,3,1.0,23,63.03770928201172,1
386,42.34250590140429,-71.10425551806233,2,28.0,23,54.89519171474335,1
387,42.3425973,-71.1030734,1,33.0,13,61.95081231163182,1
388,42.34252971135298,-71.10337288125521,3,2.0,22,72.21724617229088,1
389,42.3434457,-71.1015249,6,19.0,0,67.46004846500657,1
390,42.3428619699947,-71.10032949603264,1,45.0,2,78.49889416650895,1
391,42.34300052955,-71.09652768665876,6,11.0,13,57.40699174484217,1
392,42.34288652897099,-71.08087694279018,1,29.0,10,67.4351777273777,1
393,42.34263063565381,-71.05693890616054,6,23.0,17,63.48791138782056,1
394,42.3436067,-71.1058781,6,47.0,15,89.74935419859061,1
395,42.34436734139772,-71.10412351524529,2,48.0,14,72.92872981785143,1
396,42.34391065,-71.10073801,6,26.0,0,62.93713846361139,1
397,42.34411787245641,-71.1005297396994,3,11.0,15,71.21166638339385,1
398,42.34365410050891,-71.10141961140631,0,29.0,23,69.600229433677,1
399,42.34418165293618,-71.10006796393263,1,23.0,13,57.07145977131385,1
400,42.3441529,-71.0989623,0,32.0,13,47.8040096294734,1
401,42.34374332,-71.09740186,6,36.0,0,68.16263962549704,1
402,42.34382786,-71.09720143,4,44.0,0,68.93425435473505,1
403,42.34424297,-71.09703465,6,55.0,1,84.59770440806868,1
404,42.3442452,-71.0955323,0,12.0,0,70.15492829568755,1
405,42.3441321,-71.09575670000002,4,46.0,0,68.40610250092692,1
406,42.34439628,-71.09546715,0,14.0,1,71.7645965529535,1
407,42.34439897,-71.09530831,5,56.0,1,63.9003103636359,1
408,42.3443943,-71.0953499,5,54.0,18,69.87289765488599,1
409,42.3443648,-71.0953061,5,37.0,23,72.04891813707036,1
410,42.34353445008615,-71.07264314784769,5,33.0,15,55.0,1
411,42.34388487811498,-71.07195510221331,5,26.0,16,44.82865070412068,1
412,42.34467665203135,-71.1037618853814,0,42.0,19,61.281843062354525,1
413,42.34472627,-71.09703103,4,35.0,0,80.03180349488655,1
414,42.34483216,-71.09745699999998,6,54.0,1,82.63619762293645,1
415,42.34485615,-71.09712081,0,13.0,2,82.40436134889472,2
416,42.34476748,-71.096366765,6,4.0,0,79.10361043468978,2
417,42.34500501308808,-71.09596478759413,3,7.0,15,63.8,1
418,42.3446895,-71.09648320000002,5,58.0,19,66.91633600902883,1
419,42.34500626,-71.09509176,0,18.0,0,80.07572598505674,1
420,42.345009785,-71.09521366499997,4,27.5,0,77.38611774940892,2
421,42.34520215,-71.09509152,0,12.0,1,85.93725452306299,1
422,42.34533802,-71.09512140000002,5,57.0,1,84.1863101307088,1
423,42.34505561,-71.09505211,0,26.0,2,79.48292621146022,1
424,42.34470781,-71.09452257,6,31.0,16,76.79550945724425,1
425,42.34522997,-71.09378772,6,13.0,15,76.60253641969834,1
426,42.34516276,-71.09330274499997,4,56.5,23,72.09398341768556,2
427,42.3454847,-71.0905188,5,27.0,23,78.016619036218,1
428,42.3454964,-71.09020875,5,12.5,0,72.78678067292041,2
429,42.3454983,-71.0902057,5,6.0,1,67.50770646084571,1
430,42.34513128514996,-71.06268114719586,2,33.5,4,53.538185206473635,2
431,42.34511996701277,-71.06269726053078,2,47.0,4,51.15663459126666,1
432,42.345478747426895,-70.98972835029349,1,25.0,23,75.90588956501901,1
433,42.34571973210733,-71.14973663547622,2,10.0,12,55.41346957935711,1
434,42.34622441121521,-71.10659573302948,3,52.0,17,72.28755006577687,1
435,42.34588850759188,-71.10468330799705,4,55.0,14,72.60930316639634,1
436,42.3458551453066,-71.10396081095942,3,28.0,3,55.72941335121247,1
437,42.3463234,-71.09810429999997,3,30.0,23,79.00750139659236,1
438,42.34550857,-71.09603303,5,55.0,23,75.55101764314549,1
439,42.3456072,-71.09479449999998,6,12.0,1,72.38456744521122,1
440,42.3461518,-71.0941103,0,59.0,18,67.37986279593012,1
441,42.3460448,-71.0919318,6,11.5,1,83.06411497575658,2
442,42.3460448,-71.0919318,6,34.0,1,83.26301282405842,1
443,42.34550805,-71.09021264999998,5,14.0,0,68.9337919998458,2
444,42.34551,-71.0902041,5,10.0,1,68.51886664024119,1
445,42.3461536,-71.09020550000002,5,27.0,1,66.24705838556567,1
446,42.3455158,-71.0902307,4,45.0,23,79.72587035139162,1
447,42.345866605740326,-71.07518533680434,6,49.0,19,59.69476176550389,1
448,42.345780023971685,-71.0744621577064,6,52.0,19,46.59543092187893,1
449,42.34573651957742,-71.0710642358931,6,15.0,20,53.03522466087689,1
450,42.345566321399104,-70.98970926400885,1,45.0,21,75.53799105764462,1
451,42.34676680531571,-71.09797535470787,6,8.0,18,72.8995847643914,1
452,42.34728370000001,-71.0948588,6,45.0,2,87.0867783972662,1
453,42.347310963454156,-71.08191059655205,3,8.0,19,63.75402571869598,1
454,42.34683226797948,-71.0708032362825,0,9.0,1,61.35683007819393,1
455,42.346824139348826,-71.07117674527765,3,41.0,1,48.91358287434323,3
456,42.34691453255383,-71.07110875444775,2,25.0,2,45.36333553850442,1
457,42.34685666022915,-71.07090533770007,6,35.0,17,66.25840862838649,1
458,42.347060012107576,-71.07108160944999,6,40.0,19,58.879905963068545,2
459,42.34652554829113,-71.07080103667808,6,59.0,19,66.41408674013539,1
460,42.34695991551914,-71.07093702286238,6,3.25,20,70.96308532845316,4
461,42.34675614453529,-71.07084550068058,6,12.75,20,65.52444409010909,4
462,42.34692690554428,-71.07131877535362,6,37.0,21,56.31498943160881,1
463,42.34692208007196,-71.0712971818364,6,19.0,23,64.09098035633926,1
464,42.347484758704745,-71.06843021319527,2,42.0,12,80.8439647414548,1
465,42.34738985282814,-71.06819598703106,6,55.0,16,68.46174529926816,1
466,42.34661891,-71.05786876,2,22.0,3,81.35821885981318,1
467,42.34832311518709,-71.07363045222226,2,39.0,17,68.89696873943676,1
468,42.34805493706739,-71.06533570384683,6,15.0,17,72.29494396780376,1
469,42.3484015,-71.0622077,1,37.0,17,66.65082839756606,1
470,42.348091,-71.0407381,0,12.0,21,82.33710330739075,1
471,42.348368891108606,-71.02624856923285,0,13.0,10,63.13781794304421,1
472,42.347503826061576,-70.95777486457578,4,49.0,23,75.266426020437,1
473,42.349190443356974,-71.15512148760416,0,23.5,1,55.987821204349,2
474,42.348645,-71.0966588,2,20.0,12,69.98943576960735,1
475,42.3486824,-71.0958269,0,4.0,22,71.89428564130067,1
476,42.34941614276391,-71.09556527470635,2,49.0,23,72.84439090345167,1
477,42.34892775672248,-71.07915822525716,6,0.0,19,64.60556796967512,1
478,42.348561106889356,-71.03798255148665,6,25.5,18,71.8529942412394,2
479,42.34854649290661,-71.03616041137933,2,8.0,1,82.85883342428899,1
480,42.35002216482413,-71.1194736892446,1,44.0,18,71.1792486677635,1
481,42.3504745,-71.0838893,5,11.0,2,70.36964889825394,1
482,42.350380861213075,-71.04470699305027,1,51.0,14,77.89666740667586,1
483,42.35057913597957,-71.12471930473572,1,13.8,23,62.998723216844084,5
484,42.35130170000001,-71.121453,0,31.0,2,66.44981455191382,1
485,42.3506034,-71.08287075,5,40.5,1,67.61618156615117,2
486,42.3508586,-71.08277779999997,5,9.0,2,69.54503626961586,1
487,42.350647130051605,-71.07146323971409,0,50.0,15,67.372724639421,1
488,42.351272,-71.06900999999998,4,40.5,16,31.254545454545454,2
489,42.351272,-71.06900999999998,4,25.0,23,42.68494407248848,1
490,42.3510974287641,-71.06310365224543,1,8.0,13,58.60839019735077,1
491,42.351415803692866,-71.05503796613479,1,43.0,20,81.05087487577471,1
492,42.351398885554225,-71.05514661486394,4,40.0,20,83.46816604418672,1
493,42.351899002718135,-71.08207404620114,1,24.0,15,69.43335453289811,1
494,42.351590590901296,-71.0729598752397,1,43.0,23,72.78552126586584,1
495,42.3523379208952,-71.0658307417972,2,43.0,15,71.67135288397633,1
496,42.35220469491062,-71.06586060830556,1,4.0,19,63.23586658305985,1
497,42.3524738000081,-71.0657805088611,2,58.0,21,69.95434512097614,1
498,42.35244607836706,-71.06458290096019,6,27.0,3,72.56838491017241,1
499,42.35241754915784,-71.0650910530901,1,43.0,19,71.44415936535624,1
500,42.35232883232315,-71.0653685896774,5,50.0,20,61.98916631114042,1
501,42.35171576944492,-71.06261128231827,2,29.0,3,52.75881549721488,1
502,42.351782221322864,-71.0628061027707,0,4.0,20,66.07908244571453,1
503,42.35176189833476,-71.06275471959609,2,14.0,20,77.4219893205796,1
504,42.35207827783898,-71.06218317386791,2,12.0,0,71.62940774532814,1
505,42.3526818,-71.07306009999998,1,30.0,2,36.78706064221003,1
506,42.35272172842394,-71.06746556243958,1,39.0,14,72.54287554050367,1
507,42.352639060906746,-71.06367349743661,4,1.0,23,63.07311390120378,1
508,42.353833175,-71.192641965,6,18.5,12,52.78666000603039,2
509,42.35420633111368,-71.07070709585312,1,7.0,15,80.29525090364791,1
510,42.35422901086977,-71.03779203201918,6,12.5,2,66.99105803517959,2
511,42.3547964,-71.16607990000001,6,56.0,16,41.18030517625164,1
512,42.355324476996756,-71.07148862450484,5,49.0,12,57.24048528732785,1
513,42.354591060469254,-71.07086258015696,1,6.0,15,71.81388594164018,1
514,42.35553762879442,-71.07142282656494,6,43.0,12,74.18176149936386,1
515,42.35587843697737,-71.06867691508593,5,37.0,12,73.22093231559575,1
516,42.3564394284388,-71.06560595451998,5,54.0,4,55.8,1
517,42.35562601596336,-71.06552649295988,5,9.0,13,74.17656066555857,1
518,42.355929,-71.06296359999997,4,4.0,12,76.40104125515465,1
519,42.357218825025036,-71.15730019256516,1,11.0,13,69.73922963081569,1
520,42.35691682007312,-71.07320254071169,2,57.0,21,67.0415908118304,1
521,42.35674090344075,-71.05121528705091,2,10.0,11,73.75400189610959,1
522,42.35804277981122,-71.060768216555,6,8.0,21,57.944914892450704,1
523,42.35819434572565,-71.05663983312476,0,26.0,15,63.119213013793534,1
524,42.359040263009135,-71.06062424479039,3,8.0,13,56.264749392591646,1
525,42.35933554109995,-71.06061435121973,3,55.0,20,78.61847439736745,1
526,42.358555099165336,-71.06016172927255,4,48.0,16,79.0668092225638,1
527,42.35903855046836,-71.05676854953313,6,51.0,19,73.65087053543411,1
528,42.3587104,-71.056097,0,42.0,20,36.41491497798319,1
529,42.3588116,-71.05634520000002,2,55.0,20,32.89457768335971,1
530,42.35879204505197,-71.0276514793396,0,20.0,2,59.018928372260596,1
531,42.35855465423022,-70.9720591741482,2,36.0,2,54.88959814058229,1
532,42.35857101289566,-70.97220709724074,3,47.5,14,75.90610915957292,2
533,42.35915401,-70.97046349,2,28.0,22,57.50715965166477,1
534,42.359685049999975,-71.10870651000383,1,2.5,17,75.32458611389653,2
535,42.36014625061522,-71.0684318282372,4,0.0,0,62.8,1
536,42.360008871013676,-71.06818980814103,4,35.0,0,63.1,1
537,42.360123397100786,-71.06827723535672,4,41.5,0,62.32727272727273,2
538,42.36017420324492,-71.06837043728358,3,7.0,1,56.42235663556365,1
539,42.36008546154071,-71.0682377903216,4,6.0,1,51.42424242424243,3
540,42.36013830633127,-71.06827563897666,3,15.0,1,56.9315642437284,1
541,42.36009333381679,-71.06830110161654,4,9.0,1,55.18181818181818,1
542,42.36016056034843,-71.06829851467954,4,6.0,16,44.4,1
543,42.36012204628932,-71.06828872680019,4,9.0,16,53.63939393939395,3
544,42.3601741025244,-71.06833023337583,2,51.5,20,63.84946584946455,2
545,42.36015600103281,-71.06833252400033,2,56.16666666666666,20,63.60889458844422,6
546,42.360160745618586,-71.0683529737095,2,1.0,21,63.480133521265095,2
547,42.36015439956535,-71.06834231668725,5,12.0,22,52.27272727272727,1
548,42.36015143166723,-71.06832330737484,3,25.0,23,58.5,1
549,42.36008053649437,-71.06824725872936,3,47.0,23,58.0,1
550,42.36013425341452,-71.06831065921995,2,56.0,23,56.70534290668278,1
551,42.360429204157036,-71.06368615853017,5,10.0,21,79.72516843826287,1
552,42.35963444802875,-71.06179900148467,4,4.0,13,53.99274434984865,1
553,42.359791586755364,-71.05958478498705,1,38.0,22,81.74870598027283,1
554,42.35968070000001,-71.0594427,1,40.0,23,81.0297956868248,1
555,42.36019552111957,-71.05676001989268,0,20.0,21,44.99151531034155,1
556,42.361140273612044,-71.10792196705475,2,10.0,14,46.55241053398202,1
557,42.36149460546892,-71.07617452747289,2,4.0,21,83.24343844389453,1
558,42.3610486448099,-71.07020665890084,4,17.0,16,71.86981174281816,1
559,42.36124094483667,-71.06721852572862,2,16.0,21,76.79842675855885,1
560,42.36117282069001,-70.97392630108114,4,54.0,22,77.33099658401659,1
561,42.36125622414272,-70.9734401386892,4,56.0,22,81.30764014322995,1
562,42.3607974,-70.9718589,2,24.0,1,38.91827191641702,1
563,42.36214498878606,-71.14228963877797,5,40.0,2,76.79769860181048,1
564,42.36211331260278,-71.07916775277305,0,23.0,14,82.25964636318325,1
565,42.361561131592296,-71.06574987863594,4,42.0,0,64.1472653158892,1
566,42.3621691,-71.06549,1,18.0,18,52.09361714588582,1
567,42.36173457935672,-71.05839340954185,6,3.0,0,83.94450695647659,1
568,42.36161028165489,-71.05775553184058,5,29.0,20,82.96840573762225,1
569,42.361627952879736,-70.97406049447801,2,29.5,1,69.20050887363946,2
570,42.36274680396261,-71.0302594976786,6,48.5,1,68.70410965350722,2
571,42.36280852566592,-71.02619065319,6,8.0,22,72.89934151994855,1
572,42.3633396,-70.97023670000002,2,23.0,18,81.56900665282292,1
573,42.363824069986414,-71.09124399097837,3,0.0,19,54.83317427001872,1
574,42.36410376092293,-71.03309063167345,4,55.0,2,81.08091050292519,2
575,42.36377584981806,-71.0305813727975,4,52.0,0,51.66603329574788,1
576,42.36414596908015,-71.03062667890549,6,16.0,1,56.75563151080705,1
577,42.364092507171954,-71.03054106994755,3,45.0,1,51.17946524147313,1
578,42.36402128827047,-71.03058133280932,4,47.0,1,67.23706212661284,1
579,42.364206031053435,-71.03063370233852,0,59.0,2,45.53688016180399,1
580,42.3640348624454,-71.03107240651488,6,59.0,2,70.2269908277102,1
581,42.36416155942005,-71.03055417544304,0,32.0,13,64.19981937214816,1
582,42.36410059677589,-71.03061816323034,2,32.0,16,49.62425522927594,1
583,42.364086635807254,-71.03058953662891,6,20.0,18,55.53705445433264,1
584,42.364177061868055,-71.03056648677244,4,54.0,19,57.800547435266935,1
585,42.36390802692677,-71.03042005088544,6,13.5,1,58.912508911838856,2
586,42.363859936634405,-71.03044923401534,6,26.0,1,66.47752307499364,1
587,42.36393662224377,-71.03039797628931,6,42.0,1,72.48270336333084,1
588,42.36390494766163,-71.03038110785053,6,37.0,2,64.8502353425189,1
589,42.3639396348995,-71.03041042416487,6,50.0,2,59.03154935812376,1
590,42.36414793779159,-71.03024097156293,6,57.5,2,68.53196413370588,2
591,42.36431052290661,-71.03022823906319,3,17.0,5,53.41135384505226,1
592,42.36396269140784,-71.03036871433567,0,9.0,12,54.96124092325412,1
593,42.364017187696405,-71.03049238370141,3,48.0,13,60.158153491816215,1
594,42.363946806065954,-71.03038989463356,0,14.0,18,60.870588304454394,1
595,42.36414010174793,-71.03046826093555,0,34.0,18,55.54610454488145,1
596,42.36393559299242,-71.03042030568115,3,51.0,21,64.36112506189261,1
597,42.36423839045974,-71.03022457266215,1,58.0,21,65.81094785150458,1
598,42.363598001285226,-71.02636142571598,6,35.0,18,81.28994792117929,1
599,42.3646281,-71.091189,3,52.0,21,62.755855078428574,1
600,42.36450259283488,-71.06197502532503,1,27.0,15,60.337326411987455,1
601,42.36484263096225,-71.03423391475437,5,59.0,19,73.06303233040788,1
602,42.36459056660065,-71.0298345228954,0,48.33333333333334,3,64.62977237389616,3
603,42.3658606368081,-71.09682831345941,2,13.0,21,74.41316394987385,1
604,42.36597397834283,-70.96952931030744,2,16.0,17,71.55109957700016,1
605,42.36599577129108,-70.96957817680294,2,27.0,17,78.92371758391882,1
606,42.365940031634985,-70.96950232057921,2,47.0,17,76.11259631918061,1
607,42.366048471677814,-70.96921332268866,4,30.0,0,56.01468753138656,2
608,42.365884886430095,-70.96925037806653,1,40.5,1,59.66429158149489,2
609,42.365922438560034,-70.96930157169207,0,16.5,16,63.281023832849286,2
610,42.366013054043954,-70.96928587169651,2,26.0,17,72.92325949625449,1
611,42.36594401303899,-70.96910325816923,3,51.0,22,62.98246538443738,1
612,42.36586631279659,-70.96903092234486,3,53.0,22,56.08985936134793,1
613,42.36671447395921,-71.09767152371859,3,38.0,1,70.5,1
614,42.3673166,-71.0651908,2,58.0,11,71.05103075188194,1
615,42.3671215,-70.9697465,3,14.0,19,81.3880384303708,1
616,42.3671164,-70.96927159999998,4,2.6666666666666665,14,80.18007671887318,3
617,42.367150996,-70.96937553000002,3,14.6,19,77.77028120569994,5
618,42.367145,-70.9692173,4,8.0,19,75.09950664713895,1
619,42.3671486,-70.9692151,3,32.0,19,76.73871906456748,1
620,42.367163700000006,-70.9694756,6,23.0,19,77.97847205866262,1
621,42.3671156,-70.9692803,5,47.0,20,79.03194628380629,1
622,42.36714545,-70.96922265,3,51.0,21,74.66738889021647,1
623,42.367142,-70.96919059999999,3,55.5,21,70.82601725524404,2
624,42.36709670000001,-70.96927185,5,54.0,21,77.21225077547626,2
625,42.3671307,-70.96916929999998,4,2.0,23,72.20571795958962,1
626,42.3671105,-70.9691871,4,16.0,23,76.46048158977453,1
627,42.367974123183,-71.09801314778234,5,27.0,22,74.42641208327298,1
628,42.368326947278035,-70.98547086572212,1,27.5,23,72.96902354920601,2
629,42.368907099629155,-71.10741513787872,6,40.0,13,42.59781447127985,1
630,42.36935549749038,-70.98391905368884,6,47.33333333333334,19,81.03295054981912,3
631,42.36859108372929,-70.97194899414535,6,49.0,19,81.37205187545456,1
632,42.36898307795777,-70.97145093907993,6,45.5,19,80.21015064096692,2
633,42.37015814058703,-71.12401017460145,5,20.0,0,81.26391195733547,2
634,42.369653571800825,-70.9838798720642,6,49.0,19,81.93674385767737,1
635,42.37089264676195,-71.1307686288572,5,38.0,18,83.35699020313868,1
636,42.37148445807294,-71.12464421678028,5,28.0,0,82.77385114507761,1
637,42.37118131950718,-71.12386864616641,5,26.0,0,80.6280062238166,1
638,42.371458444156985,-71.12446459664281,5,42.0,0,73.4267330374407,1
639,42.37109352136361,-71.12398040660182,5,57.0,18,83.83151306273531,1
640,42.37135981213522,-70.98488294526095,5,53.0,23,65.36797674961346,1
641,42.371427412184296,-70.98429612821991,2,50.0,1,70.692816315169,1
642,42.37145607829314,-70.9842675459301,2,56.0,1,72.4828580411167,1
643,42.37218903381599,-71.12514097715831,5,31.0,0,76.36073456327226,2
644,42.37173214492896,-71.12455311982505,5,44.0,0,76.57810603935975,1
645,42.371768849009996,-71.12461941323348,5,55.0,0,76.66223380550645,1
646,42.37176159866375,-71.12452318898507,5,27.0,1,84.34805641847642,3
647,42.372153890433005,-71.12514310023853,4,18.0,21,74.38194059509208,1
648,42.37157359468582,-71.124439561905,5,25.0,1,83.67518397212625,1
649,42.37173859033955,-70.98462964414709,2,46.5,1,64.81699381199813,2
650,42.3717754707135,-70.98452906130905,2,53.0,1,72.7231207053419,1
651,42.3720350823783,-70.9848067787018,6,8.0,14,74.74620601711294,1
652,42.37195460623465,-70.9847556186988,6,14.0,16,64.15214625842442,3
653,42.37197466429003,-70.98461906765307,5,48.0,17,67.4053964340155,1
654,42.37158723013636,-70.98456656942358,5,56.0,17,78.24064617091346,1
655,42.371776057446716,-70.9848558717137,1,55.0,21,79.1877035610918,1
656,42.37174350184453,-70.98492470998255,6,15.0,22,81.85524429826201,3
657,42.37160980239732,-70.98470491363759,2,51.0,23,65.59021960715697,1
658,42.37176189203037,-70.98438757478351,2,47.0,1,70.18149861903544,1
659,42.37160072898713,-70.98421063280756,2,58.5,1,73.76452213172004,2
660,42.372040575001314,-70.98421094751424,6,4.0,14,66.10428303755253,2
661,42.37185205763853,-70.98427069216163,6,23.66666666666667,14,60.47413400773959,3
662,42.37176247876359,-70.98438137217516,6,13.0,16,67.26586364686207,1
663,42.371649310949174,-70.98426872121634,4,37.0,20,68.43808714667863,1
664,42.3717868281923,-70.98399689427669,1,47.0,21,76.81450475561846,1
665,42.371872155966585,-70.9840973094767,2,52.0,23,68.24866704770851,1
666,42.37171780321968,-70.98434977240021,5,52.0,23,76.16392387172856,1
667,42.371872155966585,-70.9840973094767,2,54.33333333333334,23,70.90277452579276,3
668,42.373272946198966,-71.1265460587777,5,0.0,19,80.41696080918253,1
669,42.372710094826644,-71.12516809261508,6,36.0,0,68.89204304100825,1
670,42.373342541886856,-71.12064802551146,2,19.0,20,83.60337625429638,2
671,42.37323415528242,-71.11953339513073,5,51.0,17,53.44805579847641,1
672,42.37341795851214,-71.11907921935865,2,20.0,0,77.97389783678797,1
673,42.3734721,-71.0635301,0,51.0,14,59.24214571303444,1
674,42.3725291,-71.03370859999998,2,46.0,18,65.81071133023444,1
675,42.37432855080492,-71.12570042578326,5,37.0,0,66.06986632750879,1
676,42.37433706862,-71.11880085870665,4,44.0,20,67.61836885908528,1
677,42.37449352506085,-71.1164709804828,2,11.0,19,67.73094582161745,1
678,42.37473660000001,-71.13007890000002,0,1.0,0,65.39137130715336,1
679,42.3747724,-71.1300833,3,9.0,3,70.53537333404205,1
680,42.3747653,-71.130088,4,5.0,15,78.54523164458752,1
681,42.3753744,-71.1169073,3,37.0,16,85.58092688953727,1
682,42.374702913260435,-71.11652681144992,2,3.0,19,72.60579936271688,2
683,42.37452792007697,-71.11648921861419,2,5.0,19,76.5976028086247,1
684,42.37648873052841,-71.12242960375006,0,53.0,18,62.90419277750538,1
685,42.376047810579074,-71.12129305495984,3,26.0,19,76.55066002714338,1
686,42.37623707395268,-71.11436499289341,1,13.0,21,70.98166186611756,1
687,42.37596872948657,-71.1013850819977,0,29.0,15,56.358123031401156,1
688,42.37597514428964,-71.10149120664023,6,40.0,16,46.04364183360732,1
689,42.37556629,-71.08469963,1,32.0,15,51.02350524195898,1
690,42.37571810000001,-71.08467809999998,1,25.0,18,53.59391703475949,1
691,42.37571810000001,-71.08467809999998,6,53.0,19,60.48450565688429,1
692,42.37571810000001,-71.08467809999998,3,52.0,20,48.82232812414175,1
693,42.37571810000001,-71.08467809999998,2,10.0,21,50.66591195180943,1
694,42.3768771,-71.070762,1,49.0,18,67.69616768304972,1
695,42.37657481780838,-71.030379137564,0,32.0,0,56.586525389731314,1
696,42.37785860560521,-71.14326244101512,2,59.0,20,52.25812040034578,1
697,42.37786265,-71.0289082,2,28.5,18,74.87150063327081,2
698,42.3776131,-71.0288816,2,45.0,18,78.92712873070283,1
699,42.37992691345735,-71.12640517770417,6,18.0,22,79.2,1
700,42.380960086184395,-71.02261957134053,2,0.0,3,75.80226727428531,1
701,42.380919079335754,-71.0221009422755,2,47.0,2,77.24562212168144,1
702,42.382059766135505,-71.10640148974359,2,35.0,0,80.32384724362021,1
703,42.3824142432235,-70.99269236444587,0,35.0,20,78.89619111643655,1
704,42.383246314751354,-71.14098172641465,2,33.0,9,63.43297128408322,1
705,42.383225401902926,-71.14059666178295,0,43.0,9,59.84412907385973,1
706,42.383236968929296,-71.1408597697235,3,59.0,9,62.08557728661479,1
707,42.38328846830952,-71.1408992574696,2,5.0,10,61.96127129879768,1
708,42.38331916269214,-71.14145366923618,3,5.0,10,63.45268815197643,1
709,42.38338331695868,-71.1406885274417,5,32.0,15,67.54293850258995,1
710,42.38372487951292,-71.14089187241265,2,42.0,9,57.37416230128729,1
711,42.38360537730652,-71.14058895407773,0,0.0,10,63.554069858536785,1
712,42.38355820536835,-71.14056875004539,0,56.0,10,59.57133369835022,1
713,42.38368261537289,-71.14087332241789,0,2.0,11,59.487433603535386,2
714,42.38359439981322,-71.14063369227948,5,46.25,21,57.92453469657907,4
715,42.3844600167577,-71.09702484710773,1,5.0,18,75.87653839332388,1
716,42.385692933125156,-71.19092495904209,1,42.0,11,60.232762260824614,1
717,42.3856099934581,-71.19100832212531,1,59.0,11,62.98810629448142,1
718,42.38560557820228,-71.19089618702469,6,14.0,18,55.973518856032676,1
719,42.38613074291581,-70.975142365094,2,13.0,16,68.86375327533271,1
720,42.39025841777669,-71.0035153088386,2,47.0,1,64.81932087483588,1
721,42.39122743778493,-71.16611621516266,3,19.5,0,59.473630204107245,4
722,42.39098209891691,-71.16609566851628,1,3.0,16,78.7863189575078,1
723,42.391349487919435,-71.16608498921894,4,47.0,20,71.26136750820807,2
724,42.391152450760174,-71.16553305484783,3,0.0,23,69.88766429274169,1
725,42.390904941411364,-71.16626447222544,2,18.0,23,71.42592912668243,1
726,42.390688941853476,-71.16591151810358,2,55.0,23,68.97086195691129,1
727,42.39069296513823,-71.14864647962233,4,7.0,18,67.59005674881071,1
728,42.390543743024594,-71.13380366630206,0,12.0,12,62.19257950352597,1
729,42.3914770922087,-71.0098143295115,1,57.0,3,74.74481196923747,1
730,42.391514195109494,-71.16634275893371,3,23.0,0,65.0516669523633,1
731,42.3930907,-71.07799279999998,4,34.0,4,65.79558187301171,1
732,42.3944451,-71.0795598,5,3.0,2,84.78060047386559,1
733,42.394925668781866,-71.14585676750737,0,12.0,17,43.2,1
734,42.39741049773532,-70.99209584198094,1,13.0,21,71.87570885046286,1
735,42.39831098765885,-71.12197989880801,6,27.0,2,64.28695302020779,2
736,42.4001669,-71.124409075,1,13.5,22,72.89866638152631,2
737,42.39994334000001,-71.12439503499998,1,27.0,22,74.49209266497388,2
738,42.40006486,-71.12289386500002,2,4.0,0,73.12483038903315,2
739,42.40009297,-71.12298197,2,18.0,0,71.80298610017633,1
740,42.40005790000001,-71.12294603,0,27.0,0,70.54781521575515,2
741,42.40011369,-71.12291428,0,40.0,0,76.07720359527319,1
742,42.40011013,-71.12294872,2,4.0,2,67.39067672192398,1
743,42.40024057,-71.12308047,4,22.0,11,66.26278603384678,1
744,42.4000526,-71.122895,4,57.0,11,68.93591246064173,1
745,42.40004395,-71.12298829,6,14.0,13,51.71709651169788,1
746,42.40019261000001,-71.123078685,6,55.5,13,59.281862588098384,2
747,42.40024118,-71.12319497,6,5.0,14,58.654521143723905,1
748,42.40016272,-71.12295041,6,33.0,14,61.64468035370693,1
749,42.39989301,-71.12281606,4,34.0,15,71.06113384506075,1
750,42.40003253,-71.12301547999998,6,30.0,16,58.162733064339456,2
751,42.39989125,-71.12252426,6,46.0,16,66.76955804570329,1
752,42.40007315,-71.1230365,4,44.5,18,68.33782090890122,2
753,42.4002191,-71.12312879999998,4,54.5,18,70.27205766148447,2
754,42.40000181,-71.12311716,6,53.0,18,67.85959776854207,1
755,42.40016476666667,-71.1231782333333,4,2.333333333333333,19,71.90524699919705,3
756,42.40015517,-71.12321226,6,7.0,19,73.63515393050659,1
757,42.400038535,-71.12314028,6,11.0,19,72.53119641545862,2
758,42.4001959,-71.1232547,4,28.0,19,72.77949910750344,1
759,42.40007132,-71.12271242666667,6,29.0,20,72.08314828162095,3
760,42.40005641250001,-71.12292913,1,56.5,20,62.764743060427186,4
761,42.40016276333333,-71.12286811333333,1,3.6666666666666665,21,61.849383039177525,3
762,42.40005226,-71.12288455999997,1,17.8,21,69.36881216967289,5
763,42.39996970000001,-71.12310184,2,52.0,21,73.90773089238797,1
764,42.400003805,-71.12299445,2,54.0,21,69.34370658484282,2
765,42.399992,-71.12288240000002,5,58.0,21,68.98068552293599,1
766,42.40006858,-71.12302747,6,53.0,21,74.74741506822538,1
767,42.400036325,-71.12303768999998,5,3.0,22,76.03488315827356,2
768,42.40008220666667,-71.12299515666666,5,17.0,22,74.24302734053396,3
769,42.400028585,-71.12292003499998,6,15.0,22,72.33931459071886,2
770,42.40002572,-71.1228217,1,36.0,22,75.91014925440231,1
771,42.4000708,-71.12289129999998,5,24.0,22,73.92948011640804,1
772,42.400080693333344,-71.12297821166666,6,28.83333333333333,22,72.53815628819704,6
773,42.40001728,-71.12292926,5,40.0,22,66.6982194668755,1
774,42.400095838888895,-71.12300010333334,6,44.22222222222222,22,71.17902331654926,9
775,42.40014139,-71.12290565,6,54.0,22,74.06638664313205,2
776,42.400152675,-71.123085635,3,5.5,23,71.2849431835974,2
777,42.40004033,-71.12294641,5,1.0,23,73.62313876298562,1
778,42.40012352,-71.123125285,3,14.0,23,74.66894972527464,2
779,42.40001409,-71.12286955,1,31.0,23,64.90938134528415,1
780,42.40010463500001,-71.12309742,3,27.5,23,74.70478711910118,2
781,42.4000568,-71.12292679999999,2,38.0,23,60.68661872787897,1
782,42.40008852,-71.12308843,3,48.0,23,68.57873846269884,1
783,42.4000596,-71.12288520000001,1,59.0,23,72.88788211757566,1
784,42.40008852,-71.12308843,3,53.0,23,66.96345889669055,1
785,42.40170735262817,-71.16527595649295,6,23.0,18,69.61007882338443,1
786,42.40420630026503,-71.13428684106037,0,21.0,21,62.001255175947705,1
787,42.40644325,-71.08029845,2,16.0,22,61.014293968973455,2
788,42.4064405,-71.08029393333334,2,27.66666666666667,22,69.09809366588196,3
789,42.4057169,-71.07873559999999,3,38.0,18,68.76776604565966,1
790,42.4110804,-71.0667113,3,55.0,15,46.230991790101996,1
791,42.41248346040744,-71.14276175439981,6,24.0,16,59.54769515899304,1
792,42.41526223045841,-71.0481146983102,5,30.0,17,79.464896508496,1
793,42.417212724387866,-71.13650873305234,3,15.0,1,50.711088585684955,1
794,42.41720541080068,-71.13651879127761,3,25.0,14,49.7,1
795,42.41743580242054,-71.13658470043198,3,18.0,15,57.7,1
796,42.4173696127359,-71.13652357299813,3,58.0,15,53.1,1
797,42.417425983723156,-71.1366339722049,3,32.0,16,51.4,1
798,42.41723224990294,-71.13703913061984,4,24.0,16,55.0,1
799,42.41748370711552,-71.13659228542727,4,46.0,16,52.18181818181818,1
800,42.41737218172969,-71.13666187187775,2,6.0,17,56.28220160941478,1
801,42.41744818482621,-71.13650586625242,2,10.0,18,57.442169137543104,1
802,42.417427779640654,-71.1365701240088,0,32.0,18,51.0,1
803,42.41735427218861,-71.1368357553457,3,57.0,21,46.1,1
804,42.41732725986941,-71.13605286778686,1,50.0,13,52.9,1
805,42.417483958455186,-71.13617168746062,1,48.0,14,48.4,1
806,42.417471504653385,-71.13646387675594,4,47.0,14,51.2,2
807,42.417206259656226,-71.13595684291074,3,45.0,15,48.4,1
808,42.41743314286693,-71.13616472769097,3,7.0,16,47.2,1
809,42.41744614892365,-71.13613145779662,3,12.0,16,59.34090909090909,2
810,42.41738475465355,-71.13629740830655,3,30.0,16,50.1,2
811,42.417309682836105,-71.13617821295483,3,39.0,16,49.63636363636363,1
812,42.41730026907648,-71.13634917646289,2,27.0,17,67.19424889199883,1
813,42.41709029027764,-71.13584445243495,2,38.0,17,70.43949205752342,1
814,42.41737947909806,-71.13640114918051,3,53.0,17,51.1,1
815,42.41716147897253,-71.13588779823816,2,1.0,18,73.62381478469962,1
816,42.41749203447361,-71.13620057910417,2,10.0,18,63.70465660516472,1
817,42.41743497890882,-71.13623965071113,0,24.0,18,63.008416164390404,1
818,42.41737835460441,-71.13629049152333,0,42.0,18,52.4,1
819,42.417369227658895,-71.13626713978934,2,27.0,19,63.8070756485349,1
820,42.4172660321456,-71.13641167022287,2,28.0,20,50.77035262343589,1
821,42.41733649383696,-71.13601595061508,3,22.0,23,43.207372475241975,1
822,42.41747511499772,-71.13615765767608,3,23.5,23,48.82109544106193,2
823,42.41796375082772,-71.1403889282355,2,2.5,0,65.7759167549464,2
824,42.4179016934342,-71.14036341655255,2,9.0,0,68.4102140103975,1
825,42.417956431818986,-71.1403860306073,1,42.0,23,68.66885441547754,4
826,42.41815321151393,-71.14027337177762,2,51.0,23,59.422751765728385,1
827,42.41790215663296,-71.14036741789222,1,59.0,23,68.16158864663986,1
828,42.417535443967935,-71.13654211599193,3,37.0,16,60.2,1
829,42.417507900922715,-71.13646058933381,3,35.0,14,49.7,1
830,42.4175523966946,-71.13636790781388,3,21.0,15,43.3,1
831,42.41751568491432,-71.13639911690285,3,27.0,16,57.0,1
832,42.41758688707642,-71.13640170920034,2,34.0,17,72.40495030155763,3
