,lat,lng,loudness,made_at,user
0,42.35905603,-71.0938408,37.357,2017-11-06 20:13:57,9639
1,42.35905603,-71.0938408,32.464,2017-11-06 20:13:56,9639
2,42.35905603,-71.0938408,33.52,2017-11-06 20:13:55,9639
3,42.35905603,-71.0938408,31.568,2017-11-06 20:13:54,9639
4,42.35905603,-71.0938408,30.396,2017-11-06 20:13:53,9639
5,42.35905603,-71.0938408,35.946,2017-11-06 20:13:52,9639
6,42.35905603,-71.0938408,39.386,2017-11-06 20:13:51,9639
7,42.35905603,-71.0938408,40.108,2017-11-06 20:13:50,9639
8,42.35905603,-71.0938408,35.566,2017-11-06 20:13:49,9639
9,42.35905603,-71.0938408,34.128,2017-11-06 20:13:48,9639
10,42.35905603,-71.0938408,37.444,2017-11-06 20:13:47,9639
11,42.35905603,-71.0938408,44.872,2017-11-06 20:13:46,9639
12,42.35905603,-71.0938408,41.326,2017-11-06 20:13:45,9639
13,42.35905603,-71.0938408,32.953,2017-11-06 20:13:44,9639
14,42.35905603,-71.0938408,39.412,2017-11-06 20:13:43,9639
15,42.35905603,-71.0938408,41.41,2017-11-06 20:13:42,9639
16,42.35905603,-71.0938408,28.393,2017-11-06 20:13:41,9639
17,42.35905603,-71.0938408,31.019,2017-11-06 20:13:40,9639
18,42.35905603,-71.0938408,32.266,2017-11-06 20:13:39,9639
19,42.35905603,-71.0938408,31.606,2017-11-06 20:13:38,9639
20,42.35905603,-71.0938408,31.436,2017-11-06 20:13:37,9639
21,42.35905603,-71.0938408,32.3,2017-11-06 20:13:36,9639
22,42.35905603,-71.0938408,33.426,2017-11-06 20:13:35,9639
23,42.35905603,-71.0938408,36.329,2017-11-06 20:13:34,9639
24,42.35905603,-71.0938408,31.159,2017-11-06 20:13:33,9639
25,42.35905603,-71.0938408,37.619,2017-11-06 20:13:32,9639
26,42.35905603,-71.0938408,35.39,2017-11-06 20:13:31,9639
27,42.35905603,-71.0938408,35.231,2017-11-06 20:13:30,9639
28,42.35905603,-71.0938408,33.793,2017-11-06 20:13:29,9639
29,42.35905603,-71.0938408,35.861,2017-11-06 20:13:28,9639
30,42.35905603,-71.0938408,29.816,2017-11-06 20:13:27,9639
31,42.35905603,-71.0938408,31.685,2017-11-06 20:13:26,9639
32,42.35905603,-71.0938408,37.08,2017-11-06 20:13:25,9639
33,42.35905603,-71.0938408,33.261,2017-11-06 20:13:24,9639
34,42.35905603,-71.0938408,32.886,2017-11-06 20:13:23,9639
35,42.35905603,-71.0938408,32.78,2017-11-06 20:13:22,9639
36,42.35905603,-71.0938408,31.691,2017-11-06 20:13:21,9639
37,42.35905603,-71.0938408,29.468,2017-11-06 20:13:20,9639
38,42.35905603,-71.0938408,34.441,2017-11-06 20:13:19,9639
39,42.35905603,-71.0938408,36.627,2017-11-06 20:13:18,9639
40,42.35905603,-71.0938408,36.956,2017-11-06 20:13:17,9639
41,42.35905603,-71.0938408,34.041,2017-11-06 20:13:16,9639
42,42.35905603,-71.0938408,32.873,2017-11-06 20:13:15,9639
43,42.35905603,-71.0938408,39.073,2017-11-06 20:13:14,9639
44,42.35905603,-71.0938408,35.0,2017-11-06 20:13:13,9639
45,42.35905603,-71.0938408,33.478,2017-11-06 20:13:12,9639
46,42.35905603,-71.0938408,35.945,2017-11-06 20:13:11,9639
47,42.354258,-71.048192,61.0,2014-11-14 09:44:49,3877
48,42.354258,-71.048192,123.0,2014-11-14 09:44:49,3877
49,42.354258,-71.048192,63.0,2014-11-14 09:44:44,3877
50,42.354258,-71.048192,63.0,2014-11-14 09:44:44,3877
51,42.354258,-71.048192,66.0,2014-11-14 09:44:40,3877
52,42.354258,-71.048192,70.0,2014-11-14 09:44:32,3877
53,42.354213,-71.048208,67.0,2014-11-14 09:44:21,3877
54,42.354213,-71.048208,66.0,2014-11-14 09:44:19,3877
55,42.354197,-71.048175,67.0,2014-11-14 09:44:16,3877
56,42.354181,-71.048044,67.0,2014-11-14 09:44:12,3877
57,42.354196,-71.04798,71.0,2014-11-14 09:44:10,3877
58,42.354284,-71.047865,62.0,2014-11-14 09:44:04,3877
59,42.354356,-71.047807,57.0,2014-11-14 09:44:01,3877
60,42.354436,-71.04773,57.0,2014-11-14 09:43:58,3877
61,42.354475,-71.047676,57.0,2014-11-14 09:43:56,3877
62,42.354506,-71.047616,58.0,2014-11-14 09:43:54,3877
63,42.35456,-71.047544,61.0,2014-11-14 09:43:51,3877
64,42.354586,-71.047524,65.0,2014-11-14 09:43:49,3877
65,42.354641,-71.047448,56.0,2014-11-14 09:43:46,3877
66,42.354706,-71.047301,68.0,2014-11-14 09:43:42,3877
67,42.354796,-71.047161,61.0,2014-11-14 09:43:39,3877
68,42.354802,-71.047065,60.0,2014-11-14 09:43:37,3877
69,42.354779,-71.046906,74.0,2014-11-14 09:43:35,3877
70,42.354794,-71.046948,56.0,2014-11-14 09:43:33,3877
71,42.354853,-71.046734,57.0,2014-11-14 09:43:30,3877
72,42.354904,-71.046562,56.0,2014-11-14 09:43:27,3877
73,42.354946,-71.046391,57.0,2014-11-14 09:43:24,3877
74,42.354991,-71.046227,72.0,2014-11-14 09:43:21,3877
75,42.355019,-71.046143,73.0,2014-11-14 09:43:19,3877
76,42.355032,-71.046103,69.0,2014-11-14 09:43:17,3877
77,42.354994,-71.046086,73.0,2014-11-14 09:43:14,3877
78,42.354962,-71.04603,61.0,2014-11-14 09:43:12,3877
79,42.354972,-71.045916,76.0,2014-11-14 09:43:08,3877
80,42.355009,-71.045823,65.0,2014-11-14 09:43:04,3877
81,42.355044,-71.045757,65.0,2014-11-14 09:43:01,3877
82,42.355082,-71.045728,59.0,2014-11-14 09:42:58,3877
83,42.355106,-71.045743,58.0,2014-11-14 09:42:56,3877
84,42.35514,-71.045757,64.0,2014-11-14 09:42:53,3877
85,42.355159,-71.045718,67.0,2014-11-14 09:42:51,3877
86,42.355156,-71.045624,69.0,2014-11-14 09:42:48,3877
87,42.355122,-71.045494,71.0,2014-11-14 09:42:45,3877
88,42.355064,-71.045293,80.0,2014-11-14 09:42:41,3877
89,42.355043,-71.045138,74.0,2014-11-14 09:42:38,3877
90,42.35501,-71.044989,77.0,2014-11-14 09:42:35,3877
91,42.354979,-71.044847,76.0,2014-11-14 09:42:32,3877
92,42.354956,-71.044649,77.0,2014-11-14 09:42:29,3877
93,42.354933,-71.044493,78.0,2014-11-14 09:42:25,3877
94,42.354886,-71.044345,81.0,2014-11-14 09:42:22,3877
95,42.354861,-71.044253,87.0,2014-11-14 09:42:20,3877
96,42.354823,-71.044115,85.0,2014-11-14 09:42:18,3877
97,42.354805,-71.044022,83.0,2014-11-14 09:42:15,3877
98,42.354775,-71.043945,81.0,2014-11-14 09:42:13,3877
99,42.35475,-71.043831,74.0,2014-11-14 09:42:10,3877
100,42.35464,-71.043814,67.0,2014-11-14 09:42:06,3877
101,42.354491,-71.043928,76.0,2014-11-14 09:42:02,3877
102,42.3544,-71.043986,75.0,2014-11-14 09:42:00,3877
103,42.354314,-71.044021,82.0,2014-11-14 09:41:58,3877
104,42.354195,-71.044156,71.0,2014-11-14 09:41:55,3877
105,42.354095,-71.044265,76.0,2014-11-14 09:41:53,3877
106,42.354024,-71.04432,81.0,2014-11-14 09:41:51,3877
107,42.353952,-71.044375,60.0,2014-11-14 09:41:49,3877
108,42.35388,-71.044431,75.0,2014-11-14 09:41:47,3877
109,42.35374,-71.044557,77.0,2014-11-14 09:41:43,3877
110,42.353623,-71.04466,67.0,2014-11-14 09:41:40,3877
111,42.353546,-71.044703,60.0,2014-11-14 09:41:38,3877
112,42.353465,-71.044706,59.0,2014-11-14 09:41:36,3877
113,42.353379,-71.044581,70.0,2014-11-14 09:41:33,3877
114,42.353339,-71.044438,79.0,2014-11-14 09:41:30,3877
115,42.353349,-71.044356,65.0,2014-11-14 09:41:28,3877
116,42.353378,-71.044285,69.0,2014-11-14 09:41:24,3877
117,42.353343,-71.044259,59.0,2014-11-14 09:41:20,3877
118,42.353302,-71.044218,66.0,2014-11-14 09:41:17,3877
119,42.353273,-71.04416,58.0,2014-11-14 09:41:15,3877
120,42.35324,-71.044124,75.0,2014-11-14 09:41:13,3877
121,42.353181,-71.044052,70.0,2014-11-14 09:41:10,3877
122,42.353152,-71.044045,59.0,2014-11-14 09:41:08,3877
123,42.35312,-71.044071,57.0,2014-11-14 09:41:06,3877
124,42.353058,-71.0441,70.0,2014-11-14 09:41:03,3877
125,42.352926,-71.044213,78.0,2014-11-14 09:40:58,3877
126,42.352881,-71.044266,75.0,2014-11-14 09:40:56,3877
127,42.352807,-71.044315,79.0,2014-11-14 09:40:54,3877
128,42.352734,-71.044381,85.0,2014-11-14 09:40:52,3877
129,42.352625,-71.044473,68.0,2014-11-14 09:40:49,3877
130,42.352546,-71.044544,63.0,2014-11-14 09:40:47,3877
131,42.352449,-71.044553,66.0,2014-11-14 09:40:45,3877
132,42.352361,-71.044566,74.0,2014-11-14 09:40:42,3877
133,42.352262,-71.044476,67.0,2014-11-14 09:40:39,3877
134,42.352116,-71.044357,74.0,2014-11-14 09:40:36,3877
135,42.352074,-71.044336,90.0,2014-11-14 09:40:34,3877
136,42.351964,-71.044225,71.0,2014-11-14 09:40:32,3877
137,42.351816,-71.044142,76.0,2014-11-14 09:40:30,3877
138,42.351681,-71.043941,84.0,2014-11-14 09:40:27,3877
139,42.351599,-71.043867,83.0,2014-11-14 09:40:25,3877
140,42.351526,-71.043814,76.0,2014-11-14 09:40:23,3877
141,42.351475,-71.043779,76.0,2014-11-14 09:40:21,3877
142,42.351454,-71.043763,75.0,2014-11-14 09:40:17,3877
143,42.35152,-71.043868,73.0,2014-11-14 09:40:13,3877
144,42.351537,-71.043916,72.0,2014-11-14 09:40:11,3877
145,42.351558,-71.043943,71.0,2014-11-14 09:40:09,3877
146,42.351697,-71.044035,73.0,2014-11-14 09:40:07,3877
147,42.351897,-71.04412,70.0,2014-11-14 09:40:04,3877
148,42.352017,-71.044232,66.0,2014-11-14 09:40:00,3877
149,42.35212,-71.044331,65.0,2014-11-14 09:39:57,3877
150,42.352289,-71.044503,67.0,2014-11-14 09:39:53,3877
151,42.352344,-71.044647,65.0,2014-11-14 09:39:51,3877
152,42.352405,-71.044735,68.0,2014-11-14 09:39:49,3877
153,42.352429,-71.044783,68.0,2014-11-14 09:39:47,3877
154,42.352474,-71.044858,72.0,2014-11-14 09:39:46,3877
155,42.35252,-71.044925,72.0,2014-11-14 09:39:44,3877
156,42.352584,-71.044978,66.0,2014-11-14 09:39:42,3877
157,42.35267,-71.045106,65.0,2014-11-14 09:39:39,3877
158,42.352724,-71.045207,67.0,2014-11-14 09:39:37,3877
159,42.352839,-71.045422,73.0,2014-11-14 09:39:32,3877
160,42.352983,-71.045544,73.0,2014-11-14 09:39:29,3877
161,42.353012,-71.045564,76.0,2014-11-14 09:39:28,3877
162,42.353017,-71.045684,65.0,2014-11-14 09:39:26,3877
163,42.353045,-71.045843,67.0,2014-11-14 09:39:23,3877
164,42.353248,-71.046054,68.0,2014-11-14 09:39:19,3877
165,42.353328,-71.046246,70.0,2014-11-14 09:39:17,3877
166,42.353373,-71.046393,71.0,2014-11-14 09:39:14,3877
167,42.353456,-71.046615,66.0,2014-11-14 09:39:10,3877
168,42.353476,-71.046632,72.0,2014-11-14 09:39:06,3877
169,42.353443,-71.046551,69.0,2014-11-14 09:39:04,3877
170,42.35342,-71.046459,75.0,2014-11-14 09:39:01,3877
171,42.353393,-71.046377,66.0,2014-11-14 09:38:59,3877
172,42.353322,-71.046238,61.0,2014-11-14 09:38:56,3877
173,42.353169,-71.04601,63.0,2014-11-14 09:38:53,3877
174,42.35302,-71.045898,75.0,2014-11-14 09:38:49,3877
175,42.352931,-71.045841,81.0,2014-11-14 09:38:47,3877
176,42.352848,-71.045701,60.0,2014-11-14 09:38:44,3877
177,42.352792,-71.045556,59.0,2014-11-14 09:38:41,3877
178,42.352735,-71.04543,59.0,2014-11-14 09:38:38,3877
179,42.352719,-71.045337,59.0,2014-11-14 09:38:36,3877
180,42.35275,-71.045217,67.0,2014-11-14 09:38:33,3877
181,42.352818,-71.045093,67.0,2014-11-14 09:38:30,3877
182,42.352896,-71.044979,67.0,2014-11-14 09:38:27,3877
183,42.353034,-71.044898,69.0,2014-11-14 09:38:25,3877
184,42.353117,-71.044842,71.0,2014-11-14 09:38:22,3877
185,42.353243,-71.044753,76.0,2014-11-14 09:38:18,3877
186,42.35331,-71.044801,76.0,2014-11-14 09:38:16,3877
187,42.353404,-71.044913,75.0,2014-11-14 09:38:12,3877
188,42.353457,-71.045078,71.0,2014-11-14 09:38:09,3877
189,42.353516,-71.045238,70.0,2014-11-14 09:38:06,3877
190,42.353529,-71.04535,67.0,2014-11-14 09:38:04,3877
191,42.353501,-71.045505,68.0,2014-11-14 09:38:02,3877
192,42.353486,-71.045612,71.0,2014-11-14 09:37:59,3877
193,42.353452,-71.045697,68.0,2014-11-14 09:37:57,3877
194,42.353336,-71.045901,65.0,2014-11-14 09:37:54,3877
195,42.353278,-71.046204,62.0,2014-11-14 09:37:50,3877
196,42.353366,-71.046315,59.0,2014-11-14 09:37:48,3877
197,42.353417,-71.046371,59.0,2014-11-14 09:37:46,3877
198,42.353455,-71.046436,59.0,2014-11-14 09:37:43,3877
199,42.353528,-71.046526,69.0,2014-11-14 09:37:40,3877
200,42.35355,-71.046585,66.0,2014-11-14 09:37:38,3877
201,42.353532,-71.046616,71.0,2014-11-14 09:37:36,3877
202,42.353491,-71.046718,69.0,2014-11-14 09:37:30,3877
203,42.353441,-71.046751,63.0,2014-11-14 09:37:27,3877
204,42.353311,-71.046842,69.0,2014-11-14 09:37:24,3877
205,42.353208,-71.046856,72.0,2014-11-14 09:37:22,3877
206,42.353229,-71.046863,73.0,2014-11-14 09:37:20,3877
207,42.353283,-71.047001,74.0,2014-11-14 09:37:17,3877
208,42.353509,-71.047247,71.0,2014-11-14 09:37:14,3877
209,42.353574,-71.047344,73.0,2014-11-14 09:37:12,3877
210,42.35365,-71.047469,81.0,2014-11-14 09:37:09,3877
211,42.353674,-71.047776,77.0,2014-11-14 09:37:03,3877
212,42.353593,-71.047972,74.0,2014-11-14 09:36:59,3877
213,42.353573,-71.048069,77.0,2014-11-14 09:36:57,3877
214,42.353538,-71.048136,82.0,2014-11-14 09:36:55,3877
215,42.353487,-71.048166,73.0,2014-11-14 09:36:53,3877
216,42.353443,-71.048189,74.0,2014-11-14 09:36:51,3877
217,42.353375,-71.048241,74.0,2014-11-14 09:36:49,3877
218,42.353355,-71.048282,75.0,2014-11-14 09:36:46,3877
219,42.353322,-71.048334,70.0,2014-11-14 09:36:44,3877
220,42.353219,-71.048356,69.0,2014-11-14 09:36:39,3877
221,42.353116,-71.04817,72.0,2014-11-14 09:36:34,3877
222,42.353036,-71.047958,68.0,2014-11-14 09:36:31,3877
223,42.352985,-71.047814,73.0,2014-11-14 09:36:29,3877
224,42.352912,-71.047685,74.0,2014-11-14 09:36:26,3877
225,42.352861,-71.047481,72.0,2014-11-14 09:36:24,3877
226,42.352742,-71.047261,77.0,2014-11-14 09:36:20,3877
227,42.352653,-71.047076,87.0,2014-11-14 09:36:17,3877
228,42.3526,-71.046966,71.0,2014-11-14 09:36:14,3877
229,42.352496,-71.046812,73.0,2014-11-14 09:36:11,3877
230,42.352458,-71.046699,71.0,2014-11-14 09:36:09,3877
231,42.352413,-71.046583,74.0,2014-11-14 09:36:07,3877
232,42.352358,-71.046391,71.0,2014-11-14 09:36:04,3877
233,42.352244,-71.046258,73.0,2014-11-14 09:36:01,3877
234,42.352135,-71.046137,82.0,2014-11-14 09:35:58,3877
235,42.352063,-71.045964,74.0,2014-11-14 09:35:56,3877
236,42.352019,-71.045915,76.0,2014-11-14 09:35:54,3877
237,42.351927,-71.045758,82.0,2014-11-14 09:35:51,3877
238,42.351897,-71.045664,70.0,2014-11-14 09:35:49,3877
239,42.351844,-71.045544,71.0,2014-11-14 09:35:47,3877
240,42.351762,-71.045364,69.0,2014-11-14 09:35:44,3877
241,42.351729,-71.04523,63.0,2014-11-14 09:35:42,3877
242,42.351631,-71.044999,65.0,2014-11-14 09:35:38,3877
243,42.351596,-71.044844,66.0,2014-11-14 09:35:36,3877
244,42.351535,-71.044588,64.0,2014-11-14 09:35:34,3877
245,42.351488,-71.044471,64.0,2014-11-14 09:35:31,3877
246,42.351444,-71.044346,70.0,2014-11-14 09:35:29,3877
247,42.35134,-71.044138,72.0,2014-11-14 09:35:25,3877
248,42.351267,-71.044039,70.0,2014-11-14 09:35:22,3877
249,42.351215,-71.043978,75.0,2014-11-14 09:35:20,3877
250,42.351162,-71.043918,75.0,2014-11-14 09:35:18,3877
251,42.351096,-71.043837,76.0,2014-11-14 09:35:14,3877
252,42.351066,-71.043767,78.0,2014-11-14 09:35:10,3877
253,42.351066,-71.043767,86.0,2014-11-14 09:35:06,3877
254,42.351089,-71.043715,90.0,2014-11-14 09:35:03,3877
255,42.351089,-71.043715,78.0,2014-11-14 09:34:59,3877
256,42.351089,-71.043715,74.0,2014-11-14 09:34:57,3877
257,42.351089,-71.043715,71.0,2014-11-14 09:34:54,3877
258,42.351085,-71.043698,70.0,2014-11-14 09:34:51,3877
259,42.351074,-71.043669,70.0,2014-11-14 09:34:49,3877
260,42.351051,-71.043615,68.0,2014-11-14 09:34:47,3877
261,42.351014,-71.043564,67.0,2014-11-14 09:34:45,3877
262,42.350955,-71.043525,71.0,2014-11-14 09:34:43,3877
263,42.350896,-71.043482,67.0,2014-11-14 09:34:41,3877
264,42.350825,-71.04338,67.0,2014-11-14 09:34:38,3877
265,42.350771,-71.043287,65.0,2014-11-14 09:34:36,3877
266,42.350713,-71.043194,65.0,2014-11-14 09:34:34,3877
267,42.350636,-71.04307,78.0,2014-11-14 09:34:31,3877
268,42.350503,-71.042834,65.0,2014-11-14 09:34:26,3877
269,42.350424,-71.042724,65.0,2014-11-14 09:34:24,3877
270,42.350406,-71.042629,68.0,2014-11-14 09:34:22,3877
271,42.350314,-71.042303,59.0,2014-11-14 09:34:17,3877
272,42.350314,-71.042303,75.0,2014-11-14 09:34:17,3877
273,42.350244,-71.042086,76.0,2014-11-14 09:34:14,3877
274,42.350235,-71.04207,72.0,2014-11-14 09:34:12,3877
275,42.350134,-71.041879,73.0,2014-11-14 09:34:10,3877
276,42.350078,-71.041765,72.0,2014-11-14 09:34:08,3877
277,42.350053,-71.041706,128.0,2014-11-14 09:34:07,3877
278,42.349998,-71.041512,62.0,2014-11-14 09:34:04,3877
279,42.349982,-71.041457,73.0,2014-11-14 09:34:03,3877
280,42.34995,-71.041359,72.0,2014-11-14 09:34:01,3877
281,42.349907,-71.041274,75.0,2014-11-14 09:33:59,3877
282,42.349802,-71.041113,77.0,2014-11-14 09:33:56,3877
283,42.349741,-71.041017,87.0,2014-11-14 09:33:54,3877
284,42.349692,-71.040938,79.0,2014-11-14 09:33:52,3877
285,42.349613,-71.040791,78.0,2014-11-14 09:33:48,3877
286,42.349602,-71.04075,79.0,2014-11-14 09:33:47,3877
287,42.349593,-71.040726,77.0,2014-11-14 09:33:46,3877
288,42.349555,-71.040637,73.0,2014-11-14 09:33:44,3877
289,42.34952,-71.040517,71.0,2014-11-14 09:33:42,3877
290,42.349482,-71.040414,71.0,2014-11-14 09:33:40,3877
291,42.349352,-71.039998,72.0,2014-11-14 09:33:35,3877
292,42.34925,-71.039824,71.0,2014-11-14 09:33:31,3877
293,42.34919,-71.039727,65.0,2014-11-14 09:33:29,3877
294,42.349143,-71.039621,75.0,2014-11-14 09:33:27,3877
295,42.349047,-71.039459,74.0,2014-11-14 09:33:25,3877
296,42.349004,-71.039378,77.0,2014-11-14 09:33:22,3877
297,42.34897,-71.039282,70.0,2014-11-14 09:33:19,3877
298,42.348898,-71.039194,70.0,2014-11-14 09:33:16,3877
299,42.348804,-71.039165,63.0,2014-11-14 09:33:13,3877
300,42.348765,-71.039154,68.0,2014-11-14 09:33:11,3877
301,42.348746,-71.039153,67.0,2014-11-14 09:33:09,3877
302,42.348735,-71.039148,66.0,2014-11-14 09:33:07,3877
303,42.348743,-71.039135,66.0,2014-11-14 09:33:05,3877
304,42.348731,-71.039115,64.0,2014-11-14 09:33:04,3877
305,42.348712,-71.039085,74.0,2014-11-14 09:33:01,3877
306,42.348673,-71.039085,67.0,2014-11-14 09:32:59,3877
307,42.348644,-71.039082,77.0,2014-11-14 09:32:57,3877
308,42.348558,-71.03919,71.0,2014-11-14 09:32:54,3877
309,42.348359,-71.039346,73.0,2014-11-14 09:32:51,3877
310,42.348173,-71.039623,81.0,2014-11-14 09:32:47,3877
311,42.348064,-71.039932,79.0,2014-11-14 09:32:45,3877
312,42.348007,-71.040059,79.0,2014-11-14 09:32:43,3877
313,42.347978,-71.040184,78.0,2014-11-14 09:32:41,3877
314,42.347979,-71.040209,78.0,2014-11-14 09:32:39,3877
315,42.347963,-71.040362,76.0,2014-11-14 09:32:34,3877
316,42.347963,-71.040362,76.0,2014-11-14 09:32:34,3877
317,42.34802,-71.040494,71.0,2014-11-14 09:32:31,3877
318,42.348165,-71.040726,73.0,2014-11-14 09:32:28,3877
319,42.348162,-71.040861,71.0,2014-11-14 09:32:26,3877
320,42.348162,-71.040987,68.0,2014-11-14 09:32:24,3877
321,42.348261,-71.04116,73.0,2014-11-14 09:32:21,3877
322,42.348366,-71.041257,73.0,2014-11-14 09:32:19,3877
323,42.348423,-71.041388,70.0,2014-11-14 09:32:17,3877
324,42.348443,-71.041439,79.0,2014-11-14 09:32:16,3877
325,42.348517,-71.041604,84.0,2014-11-14 09:32:13,3877
326,42.348631,-71.041781,81.0,2014-11-14 09:32:11,3877
327,42.348691,-71.04187,74.0,2014-11-14 09:32:09,3877
328,42.348787,-71.041998,72.0,2014-11-14 09:32:06,3877
329,42.348855,-71.042127,68.0,2014-11-14 09:32:03,3877
330,42.34889,-71.042323,78.0,2014-11-14 09:32:00,3877
331,42.348892,-71.042437,86.0,2014-11-14 09:31:58,3877
332,42.34892,-71.042554,78.0,2014-11-14 09:31:55,3877
333,42.349039,-71.042717,82.0,2014-11-14 09:31:52,3877
334,42.349094,-71.042856,74.0,2014-11-14 09:31:50,3877
335,42.349221,-71.043075,65.0,2014-11-14 09:31:47,3877
336,42.34931,-71.043198,64.0,2014-11-14 09:31:45,3877
337,42.349421,-71.043357,68.0,2014-11-14 09:31:42,3877
338,42.34943,-71.043504,70.0,2014-11-14 09:31:39,3877
339,42.349425,-71.043591,66.0,2014-11-14 09:31:37,3877
340,42.349403,-71.043752,66.0,2014-11-14 09:31:35,3877
341,42.349365,-71.043809,66.0,2014-11-14 09:31:33,3877
342,42.349309,-71.043923,68.0,2014-11-14 09:31:30,3877
343,42.349284,-71.044079,64.0,2014-11-14 09:31:27,3877
344,42.349284,-71.044256,66.0,2014-11-14 09:31:25,3877
345,42.349235,-71.044462,63.0,2014-11-14 09:31:22,3877
346,42.349209,-71.044676,62.0,2014-11-14 09:31:19,3877
347,42.349191,-71.044805,63.0,2014-11-14 09:31:17,3877
348,42.349162,-71.045016,69.0,2014-11-14 09:31:14,3877
349,42.349136,-71.045169,70.0,2014-11-14 09:31:12,3877
350,42.349125,-71.045337,70.0,2014-11-14 09:31:09,3877
351,42.349119,-71.045438,69.0,2014-11-14 09:31:07,3877
352,42.34912,-71.045531,71.0,2014-11-14 09:31:05,3877
353,42.349125,-71.045609,72.0,2014-11-14 09:31:03,3877
354,42.349136,-71.045641,73.0,2014-11-14 09:31:01,3877
355,42.349136,-71.045641,68.0,2014-11-14 09:30:59,3877
356,42.349136,-71.045641,63.0,2014-11-14 09:30:56,3877
357,42.349136,-71.045641,64.0,2014-11-14 09:30:53,3877
358,42.349136,-71.045641,66.0,2014-11-14 09:30:52,3877
359,42.349136,-71.045641,69.0,2014-11-14 09:30:49,3877
360,42.349136,-71.045641,72.0,2014-11-14 09:30:48,3877
361,42.349136,-71.045641,68.0,2014-11-14 09:30:46,3877
362,42.349136,-71.045641,71.0,2014-11-14 09:30:43,3877
363,42.34914,-71.045639,74.0,2014-11-14 09:30:41,3877
364,42.34914,-71.045639,78.0,2014-11-14 09:30:39,3877
365,42.34914,-71.045639,83.0,2014-11-14 09:30:37,3877
366,42.34914,-71.045639,77.0,2014-11-14 09:30:35,3877
367,42.34914,-71.045639,74.0,2014-11-14 09:30:33,3877
368,42.34914,-71.045639,78.0,2014-11-14 09:30:30,3877
369,42.34914,-71.045639,71.0,2014-11-14 09:30:27,3877
370,42.34914,-71.045639,126.0,2014-11-14 09:30:24,3877
371,42.349179,-71.045608,64.0,2014-11-14 09:30:19,3877
372,42.349179,-71.045608,59.0,2014-11-14 09:30:19,3877
373,42.349179,-71.045608,63.0,2014-11-14 09:30:16,3877
374,42.349179,-71.045608,62.0,2014-11-14 09:30:14,3877
375,42.349179,-71.045608,64.0,2014-11-14 09:30:12,3877
376,42.349181,-71.045607,127.0,2014-11-14 09:30:10,3877
377,42.349174,-71.045612,68.0,2014-11-14 09:30:07,3877
378,42.349174,-71.045612,60.0,2014-11-14 09:30:07,3877
379,42.349166,-71.04562,66.0,2014-11-14 09:30:05,3877
380,42.349152,-71.045637,63.0,2014-11-14 09:30:03,3877
381,42.349159,-71.045673,64.0,2014-11-14 09:30:00,3877
382,42.349179,-71.045766,65.0,2014-11-14 09:29:57,3877
383,42.349147,-71.045873,64.0,2014-11-14 09:29:55,3877
384,42.349154,-71.046057,65.0,2014-11-14 09:29:52,3877
385,42.349165,-71.046137,65.0,2014-11-14 09:29:51,3877
386,42.349207,-71.046306,69.0,2014-11-14 09:29:49,3877
387,42.349219,-71.046417,70.0,2014-11-14 09:29:47,3877
388,42.349248,-71.046537,70.0,2014-11-14 09:29:45,3877
389,42.349262,-71.046679,66.0,2014-11-14 09:29:43,3877
390,42.349297,-71.046841,124.0,2014-11-14 09:29:41,3877
391,42.349416,-71.047077,60.0,2014-11-14 09:29:38,3877
392,42.349416,-71.047077,67.0,2014-11-14 09:29:37,3877
393,42.349469,-71.047211,68.0,2014-11-14 09:29:35,3877
394,42.349497,-71.047324,69.0,2014-11-14 09:29:33,3877
395,42.349644,-71.047444,75.0,2014-11-14 09:29:30,3877
396,42.349712,-71.047493,74.0,2014-11-14 09:29:29,3877
397,42.349827,-71.047639,70.0,2014-11-14 09:29:26,3877
398,42.349923,-71.047765,72.0,2014-11-14 09:29:24,3877
399,42.350011,-71.047842,83.0,2014-11-14 09:29:22,3877
400,42.350098,-71.047943,77.0,2014-11-14 09:29:20,3877
401,42.350185,-71.048076,79.0,2014-11-14 09:29:18,3877
402,42.350257,-71.048203,84.0,2014-11-14 09:29:16,3877
403,42.350347,-71.048288,79.0,2014-11-14 09:29:14,3877
404,42.350411,-71.04844,78.0,2014-11-14 09:29:13,3877
405,42.350492,-71.048601,71.0,2014-11-14 09:29:10,3877
406,42.350591,-71.048818,74.0,2014-11-14 09:29:08,3877
407,42.350621,-71.048876,73.0,2014-11-14 09:29:07,3877
408,42.350684,-71.048969,68.0,2014-11-14 09:29:05,3877
409,42.350746,-71.04903,74.0,2014-11-14 09:29:03,3877
410,42.350799,-71.049086,73.0,2014-11-14 09:29:01,3877
411,42.350849,-71.049149,69.0,2014-11-14 09:28:59,3877
412,42.350895,-71.04923,75.0,2014-11-14 09:28:57,3877
413,42.350949,-71.049356,74.0,2014-11-14 09:28:54,3877
414,42.350963,-71.049398,60.0,2014-11-14 09:28:53,3877
415,42.350995,-71.049478,62.0,2014-11-14 09:28:51,3877
416,42.351052,-71.04957,61.0,2014-11-14 09:28:48,3877
417,42.351101,-71.049623,63.0,2014-11-14 09:28:46,3877
418,42.351148,-71.049685,62.0,2014-11-14 09:28:44,3877
419,42.351191,-71.049721,60.0,2014-11-14 09:28:42,3877
420,42.351253,-71.049745,61.0,2014-11-14 09:28:40,3877
421,42.351308,-71.049767,64.0,2014-11-14 09:28:38,3877
422,42.351363,-71.049781,64.0,2014-11-14 09:28:36,3877
423,42.351422,-71.049781,65.0,2014-11-14 09:28:34,3877
424,42.351452,-71.049773,63.0,2014-11-14 09:28:33,3877
425,42.351512,-71.049743,129.0,2014-11-14 09:28:31,3877
426,42.35164,-71.049678,64.0,2014-11-14 09:28:28,3877
427,42.35164,-71.049678,64.0,2014-11-14 09:28:28,3877
428,42.351719,-71.049565,125.0,2014-11-14 09:28:24,3877
429,42.351781,-71.049472,65.0,2014-11-14 09:28:21,3877
430,42.351781,-71.049472,74.0,2014-11-14 09:28:21,3877
431,42.351885,-71.049368,62.0,2014-11-14 09:28:18,3877
432,42.351961,-71.049267,64.0,2014-11-14 09:28:16,3877
433,42.352027,-71.049181,71.0,2014-11-14 09:28:14,3877
434,42.352119,-71.049049,60.0,2014-11-14 09:28:09,3877
435,42.352119,-71.049049,66.0,2014-11-14 09:28:09,3877
436,42.352177,-71.048982,107.0,2014-11-14 09:28:06,3877
437,42.35223,-71.048922,64.0,2014-11-14 09:28:03,3877
438,42.35223,-71.048922,68.0,2014-11-14 09:28:03,3877
439,42.352324,-71.048949,114.0,2014-11-14 09:28:00,3877
440,42.352426,-71.04893,60.0,2014-11-14 09:27:57,3877
441,42.352426,-71.04893,59.0,2014-11-14 09:27:57,3877
442,42.352506,-71.048804,64.0,2014-11-14 09:27:54,3877
443,42.352532,-71.048707,64.0,2014-11-14 09:27:52,3877
444,42.352591,-71.048676,63.0,2014-11-14 09:27:50,3877
445,42.352658,-71.048645,59.0,2014-11-14 09:27:48,3877
446,42.352704,-71.04861,116.0,2014-11-14 09:27:46,3877
447,42.352779,-71.048558,50.0,2014-11-14 09:27:43,3877
448,42.352779,-71.048558,68.0,2014-11-14 09:27:43,3877
449,42.352802,-71.048523,68.0,2014-11-14 09:27:41,3877
450,42.352782,-71.048454,60.0,2014-11-14 09:27:38,3877
451,42.352746,-71.048384,66.0,2014-11-14 09:27:36,3877
452,42.352685,-71.04816,74.0,2014-11-14 09:27:31,3877
453,42.352685,-71.04816,75.0,2014-11-14 09:27:31,3877
454,42.352665,-71.047992,75.0,2014-11-14 09:27:28,3877
455,42.352641,-71.047891,70.0,2014-11-14 09:27:26,3877
456,42.352499,-71.047705,80.0,2014-11-14 09:27:21,3877
457,42.352499,-71.047705,75.0,2014-11-14 09:27:21,3877
458,42.352399,-71.047708,71.0,2014-11-14 09:27:18,3877
459,42.352322,-71.04777,85.0,2014-11-14 09:27:16,3877
460,42.352098,-71.047888,69.0,2014-11-14 09:27:11,3877
461,42.352098,-71.047888,75.0,2014-11-14 09:27:11,3877
462,42.352047,-71.04793,71.0,2014-11-14 09:27:08,3877
463,42.35202,-71.047961,127.0,2014-11-14 09:27:06,3877
464,42.351967,-71.048011,61.0,2014-11-14 09:27:03,3877
465,42.351967,-71.048011,70.0,2014-11-14 09:27:03,3877
466,42.351901,-71.048076,130.0,2014-11-14 09:27:00,3877
467,42.351801,-71.048178,61.0,2014-11-14 09:26:57,3877
468,42.351801,-71.048178,71.0,2014-11-14 09:26:57,3877
469,42.351715,-71.048312,128.0,2014-11-14 09:26:54,3877
470,42.351607,-71.048364,58.0,2014-11-14 09:26:51,3877
471,42.351607,-71.048364,65.0,2014-11-14 09:26:51,3877
472,42.351507,-71.048404,63.0,2014-11-14 09:26:48,3877
473,42.351335,-71.048568,72.0,2014-11-14 09:26:43,3877
474,42.351335,-71.048568,64.0,2014-11-14 09:26:43,3877
475,42.351168,-71.048792,76.0,2014-11-14 09:26:37,3877
476,42.351168,-71.048792,67.0,2014-11-14 09:26:37,3877
477,42.351084,-71.048854,79.0,2014-11-14 09:26:34,3877
478,42.350922,-71.049028,77.0,2014-11-14 09:26:29,3877
479,42.350922,-71.049028,69.0,2014-11-14 09:26:29,3877
480,42.350817,-71.049143,60.0,2014-11-14 09:26:23,3877
481,42.350817,-71.049143,57.0,2014-11-14 09:26:23,3877
482,42.350783,-71.049079,128.0,2014-11-14 09:26:20,3877
483,42.350738,-71.048976,70.0,2014-11-14 09:26:17,3877
484,42.350738,-71.048976,57.0,2014-11-14 09:26:17,3877
485,42.350637,-71.048835,66.0,2014-11-14 09:26:14,3877
486,42.350521,-71.048641,69.0,2014-11-14 09:26:10,3877
487,42.350521,-71.048641,65.0,2014-11-14 09:26:10,3877
488,42.350451,-71.04853,127.0,2014-11-14 09:26:07,3877
489,42.350379,-71.048396,61.0,2014-11-14 09:26:03,3877
490,42.350379,-71.048396,57.0,2014-11-14 09:26:03,3877
491,42.350376,-71.048272,128.0,2014-11-14 09:26:00,3877
492,42.350438,-71.048128,51.0,2014-11-14 09:25:57,3877
493,42.350438,-71.048128,62.0,2014-11-14 09:25:57,3877
494,42.350529,-71.047982,60.0,2014-11-14 09:25:54,3877
495,42.35059,-71.047908,127.0,2014-11-14 09:25:52,3877
496,42.350685,-71.047791,59.0,2014-11-14 09:25:49,3877
497,42.350685,-71.047791,66.0,2014-11-14 09:25:49,3877
498,42.35079,-71.047661,118.0,2014-11-14 09:25:46,3877
499,42.350876,-71.047575,48.0,2014-11-14 09:25:43,3877
500,42.351125,-71.046878,68.0,2014-11-14 09:24:58,3877
501,42.350824,-71.046971,72.0,2014-11-14 09:24:51,3877
502,42.350824,-71.046971,72.0,2014-11-14 09:24:51,3877
503,42.350707,-71.047031,75.0,2014-11-14 09:24:48,3877
504,42.350538,-71.04717,69.0,2014-11-14 09:24:46,3877
505,42.350468,-71.047299,67.0,2014-11-14 09:24:44,3877
506,42.350417,-71.047427,124.0,2014-11-14 09:24:42,3877
507,42.350332,-71.047567,62.0,2014-11-14 09:24:39,3877
508,42.350332,-71.047567,70.0,2014-11-14 09:24:39,3877
509,42.350271,-71.047576,79.0,2014-11-14 09:24:36,3877
510,42.35022,-71.047591,118.0,2014-11-14 09:24:34,3877
511,42.350133,-71.047648,77.0,2014-11-14 09:24:31,3877
512,42.350133,-71.047648,90.0,2014-11-14 09:24:31,3877
513,42.350045,-71.047702,90.0,2014-11-14 09:24:28,3877
514,42.349991,-71.047726,73.0,2014-11-14 09:24:26,3877
515,42.349916,-71.047771,82.0,2014-11-14 09:24:24,3877
516,42.349913,-71.047727,78.0,2014-11-14 09:24:22,3877
517,42.34987,-71.047621,61.0,2014-11-14 09:24:18,3877
518,42.349732,-71.047462,71.0,2014-11-14 09:24:16,3877
519,42.349672,-71.047301,126.0,2014-11-14 09:24:14,3877
520,42.349624,-71.04719,53.0,2014-11-14 09:24:11,3877
521,42.349624,-71.04719,63.0,2014-11-14 09:24:10,3877
522,42.349579,-71.047045,72.0,2014-11-14 09:24:08,3877
523,42.349529,-71.046935,71.0,2014-11-14 09:24:06,3877
524,42.349489,-71.04682,66.0,2014-11-14 09:24:04,3877
525,42.34946,-71.046709,65.0,2014-11-14 09:24:02,3877
526,42.349411,-71.0466,61.0,2014-11-14 09:24:00,3877
527,42.349358,-71.046435,62.0,2014-11-14 09:23:56,3877
528,42.349325,-71.046277,69.0,2014-11-14 09:23:54,3877
529,42.349274,-71.04616,66.0,2014-11-14 09:23:52,3877
530,42.349256,-71.046062,67.0,2014-11-14 09:23:50,3877
531,42.349247,-71.045955,64.0,2014-11-14 09:23:48,3877
532,42.349228,-71.045826,76.0,2014-11-14 09:23:46,3877
533,42.34926,-71.045688,76.0,2014-11-14 09:23:44,3877
534,42.349294,-71.045373,75.0,2014-11-14 09:23:39,3877
535,42.349294,-71.045373,79.0,2014-11-14 09:23:39,3877
536,42.349294,-71.045172,79.0,2014-11-14 09:23:36,3877
537,42.349292,-71.045047,84.0,2014-11-14 09:23:34,3877
538,42.349297,-71.044942,78.0,2014-11-14 09:23:32,3877
539,42.349308,-71.044865,72.0,2014-11-14 09:23:30,3877
540,42.349328,-71.044779,76.0,2014-11-14 09:23:28,3877
541,42.349344,-71.044675,78.0,2014-11-14 09:23:26,3877
542,42.349364,-71.044554,85.0,2014-11-14 09:23:24,3877
543,42.349393,-71.044433,81.0,2014-11-14 09:23:22,3877
544,42.349423,-71.044306,75.0,2014-11-14 09:23:20,3877
545,42.349454,-71.044163,79.0,2014-11-14 09:23:18,3877
546,42.349487,-71.044002,80.0,2014-11-14 09:23:16,3877
547,42.349518,-71.043827,81.0,2014-11-14 09:23:14,3877
548,42.349553,-71.043638,80.0,2014-11-14 09:23:12,3877
549,42.349582,-71.043487,77.0,2014-11-14 09:23:10,3877
550,42.349584,-71.043407,79.0,2014-11-14 09:23:08,3877
551,42.349546,-71.043382,75.0,2014-11-14 09:23:06,3877
552,42.349489,-71.043367,77.0,2014-11-14 09:23:04,3877
553,42.349444,-71.043322,76.0,2014-11-14 09:23:02,3877
554,42.349413,-71.043274,83.0,2014-11-14 09:23:00,3877
555,42.349415,-71.043239,71.0,2014-11-14 09:22:58,3877
556,42.349415,-71.043239,63.0,2014-11-14 09:22:56,3877
557,42.349415,-71.043239,73.0,2014-11-14 09:22:54,3877
558,42.349415,-71.043239,67.0,2014-11-14 09:22:52,3877
559,42.349415,-71.043239,71.0,2014-11-14 09:22:50,3877
560,42.349415,-71.043239,71.0,2014-11-14 09:22:48,3877
561,42.349401,-71.043251,74.0,2014-11-14 09:22:46,3877
562,42.349368,-71.043254,69.0,2014-11-14 09:22:44,3877
563,42.34935,-71.043216,75.0,2014-11-14 09:22:42,3877
564,42.349339,-71.043159,67.0,2014-11-14 09:22:40,3877
565,42.349308,-71.043081,64.0,2014-11-14 09:22:38,3877
566,42.349245,-71.043018,66.0,2014-11-14 09:22:36,3877
567,42.349158,-71.042945,69.0,2014-11-14 09:22:34,3877
568,42.349067,-71.042856,66.0,2014-11-14 09:22:32,3877
569,42.349038,-71.042744,66.0,2014-11-14 09:22:30,3877
570,42.348975,-71.042579,67.0,2014-11-14 09:22:28,3877
571,42.348926,-71.042438,69.0,2014-11-14 09:22:26,3877
572,42.348922,-71.04233,71.0,2014-11-14 09:22:24,3877
573,42.348887,-71.042223,72.0,2014-11-14 09:22:22,3877
574,42.348846,-71.042143,68.0,2014-11-14 09:22:20,3877
575,42.348638,-71.041862,71.0,2014-11-14 09:22:18,3877
576,42.348538,-71.041703,69.0,2014-11-14 09:22:16,3877
577,42.348456,-71.04158,74.0,2014-11-14 09:22:14,3877
578,42.348406,-71.041503,66.0,2014-11-14 09:22:12,3877
579,42.348372,-71.04147,67.0,2014-11-14 09:22:10,3877
580,42.348344,-71.041431,77.0,2014-11-14 09:22:08,3877
581,42.348311,-71.041356,83.0,2014-11-14 09:22:06,3877
582,42.348276,-71.04124,74.0,2014-11-14 09:22:04,3877
583,42.348284,-71.041096,67.0,2014-11-14 09:22:02,3877
584,42.348314,-71.04095,73.0,2014-11-14 09:22:00,3877
585,42.34836,-71.040829,75.0,2014-11-14 09:21:58,3877
586,42.348391,-71.040708,70.0,2014-11-14 09:21:56,3877
587,42.348427,-71.040584,73.0,2014-11-14 09:21:54,3877
588,42.348469,-71.040479,70.0,2014-11-14 09:21:52,3877
589,42.348514,-71.040397,71.0,2014-11-14 09:21:50,3877
590,42.348547,-71.04033,72.0,2014-11-14 09:21:48,3877
591,42.348528,-71.04026,78.0,2014-11-14 09:21:46,3877
592,42.348492,-71.040193,79.0,2014-11-14 09:21:44,3877
593,42.348502,-71.040182,79.0,2014-11-14 09:21:42,3877
594,42.348518,-71.040174,76.0,2014-11-14 09:21:40,3877
595,42.34854,-71.040156,72.0,2014-11-14 09:21:38,3877
596,42.348568,-71.040128,69.0,2014-11-14 09:21:36,3877
597,42.348609,-71.040078,70.0,2014-11-14 09:21:34,3877
598,42.348673,-71.040011,69.0,2014-11-14 09:21:32,3877
599,42.348747,-71.039963,69.0,2014-11-14 09:21:30,3877
600,42.348819,-71.039912,66.0,2014-11-14 09:21:28,3877
601,42.348889,-71.039861,64.0,2014-11-14 09:21:26,3877
602,42.34896,-71.039818,63.0,2014-11-14 09:21:24,3877
603,42.349034,-71.03978,66.0,2014-11-14 09:21:22,3877
604,42.349099,-71.03978,73.0,2014-11-14 09:21:20,3877
605,42.349153,-71.039852,69.0,2014-11-14 09:21:18,3877
606,42.349198,-71.039983,73.0,2014-11-14 09:21:16,3877
607,42.349229,-71.040109,69.0,2014-11-14 09:21:14,3877
608,42.349255,-71.040207,72.0,2014-11-14 09:21:12,3877
609,42.349282,-71.04027,63.0,2014-11-14 09:21:10,3877
610,42.349316,-71.040315,61.0,2014-11-14 09:21:08,3877
611,42.349354,-71.040369,59.0,2014-11-14 09:21:06,3877
612,42.349402,-71.040434,61.0,2014-11-14 09:21:04,3877
613,42.349483,-71.040488,63.0,2014-11-14 09:21:02,3877
614,42.349553,-71.040542,66.0,2014-11-14 09:21:00,3877
615,42.349607,-71.040611,73.0,2014-11-14 09:20:58,3877
616,42.349639,-71.04067,62.0,2014-11-14 09:20:56,3877
617,42.349631,-71.040685,61.0,2014-11-14 09:20:54,3877
618,42.349593,-71.040668,64.0,2014-11-14 09:20:52,3877
619,42.349534,-71.04063,65.0,2014-11-14 09:20:50,3877
620,42.349469,-71.04064,64.0,2014-11-14 09:20:48,3877
621,42.349394,-71.040691,67.0,2014-11-14 09:20:46,3877
622,42.349323,-71.040741,64.0,2014-11-14 09:20:44,3877
623,42.349261,-71.040775,62.0,2014-11-14 09:20:42,3877
624,42.349191,-71.040796,60.0,2014-11-14 09:20:40,3877
625,42.349108,-71.040815,72.0,2014-11-14 09:20:38,3877
626,42.349046,-71.040843,61.0,2014-11-14 09:20:36,3877
627,42.349002,-71.040891,66.0,2014-11-14 09:20:34,3877
628,42.34895,-71.040953,62.0,2014-11-14 09:20:32,3877
629,42.348894,-71.041032,63.0,2014-11-14 09:20:30,3877
630,42.348669,-71.041311,66.0,2014-11-14 09:20:28,3877
631,42.348626,-71.041418,65.0,2014-11-14 09:20:26,3877
632,42.348647,-71.041478,71.0,2014-11-14 09:20:24,3877
633,42.348683,-71.041525,70.0,2014-11-14 09:20:22,3877
634,42.348731,-71.04156,76.0,2014-11-14 09:20:20,3877
635,42.348765,-71.041578,76.0,2014-11-14 09:20:18,3877
636,42.348782,-71.041574,68.0,2014-11-14 09:20:16,3877
637,42.348798,-71.041573,74.0,2014-11-14 09:20:14,3877
638,42.348802,-71.041593,72.0,2014-11-14 09:20:12,3877
639,42.348809,-71.041635,78.0,2014-11-14 09:20:10,3877
640,42.348819,-71.041702,72.0,2014-11-14 09:20:08,3877
641,42.348828,-71.041765,78.0,2014-11-14 09:20:06,3877
642,42.348831,-71.041832,74.0,2014-11-14 09:20:04,3877
643,42.348841,-71.041912,79.0,2014-11-14 09:20:02,3877
644,42.348868,-71.041991,69.0,2014-11-14 09:20:00,3877
645,42.348904,-71.042068,69.0,2014-11-14 09:19:58,3877
646,42.348942,-71.042128,71.0,2014-11-14 09:19:56,3877
647,42.348971,-71.042186,72.0,2014-11-14 09:19:54,3877
648,42.348994,-71.042244,74.0,2014-11-14 09:19:52,3877
649,42.349025,-71.042299,71.0,2014-11-14 09:19:50,3877
650,42.349049,-71.042351,74.0,2014-11-14 09:19:48,3877
651,42.349076,-71.042408,73.0,2014-11-14 09:19:46,3877
652,42.349091,-71.042474,69.0,2014-11-14 09:19:44,3877
653,42.349104,-71.04256,66.0,2014-11-14 09:19:42,3877
654,42.349132,-71.042659,64.0,2014-11-14 09:19:40,3877
655,42.349184,-71.042746,65.0,2014-11-14 09:19:38,3877
656,42.349231,-71.042817,67.0,2014-11-14 09:19:36,3877
657,42.349264,-71.042893,67.0,2014-11-14 09:19:34,3877
658,42.349287,-71.042981,69.0,2014-11-14 09:19:32,3877
659,42.349301,-71.043085,71.0,2014-11-14 09:19:30,3877
660,42.349324,-71.043166,63.0,2014-11-14 09:19:28,3877
661,42.349331,-71.043249,65.0,2014-11-14 09:19:26,3877
662,42.349335,-71.043318,63.0,2014-11-14 09:19:24,3877
663,42.349343,-71.043365,62.0,2014-11-14 09:19:22,3877
664,42.34935,-71.043402,73.0,2014-11-14 09:19:20,3877
665,42.349359,-71.043432,66.0,2014-11-14 09:19:18,3877
666,42.349378,-71.043446,65.0,2014-11-14 09:19:16,3877
667,42.349407,-71.043439,73.0,2014-11-14 09:19:14,3877
668,42.349435,-71.043416,67.0,2014-11-14 09:19:12,3877
669,42.349456,-71.043416,65.0,2014-11-14 09:19:10,3877
670,42.349497,-71.0434,65.0,2014-11-14 09:19:08,3877
671,42.349573,-71.043372,65.0,2014-11-14 09:19:06,3877
672,42.349644,-71.043365,66.0,2014-11-14 09:19:04,3877
673,42.349748,-71.043308,68.0,2014-11-14 09:19:02,3877
674,42.3499,-71.043335,66.0,2014-11-14 09:19:00,3877
675,42.349979,-71.043297,66.0,2014-11-14 09:18:58,3877
676,42.350062,-71.04324,63.0,2014-11-14 09:18:56,3877
677,42.350152,-71.043182,64.0,2014-11-14 09:18:54,3877
678,42.350256,-71.043121,70.0,2014-11-14 09:18:52,3877
679,42.35038,-71.043052,71.0,2014-11-14 09:18:50,3877
680,42.350631,-71.043094,74.0,2014-11-14 09:18:48,3877
681,42.350652,-71.043143,77.0,2014-11-14 09:18:46,3877
682,42.350652,-71.043199,64.0,2014-11-14 09:18:44,3877
683,42.35064,-71.04324,62.0,2014-11-14 09:18:42,3877
684,42.350642,-71.043276,64.0,2014-11-14 09:18:40,3877
685,42.350666,-71.043326,65.0,2014-11-14 09:18:38,3877
686,42.350707,-71.043389,66.0,2014-11-14 09:18:36,3877
687,42.350758,-71.043454,66.0,2014-11-14 09:18:34,3877
688,42.350807,-71.043546,68.0,2014-11-14 09:18:32,3877
689,42.350837,-71.043651,71.0,2014-11-14 09:18:30,3877
690,42.350832,-71.043764,66.0,2014-11-14 09:18:28,3877
691,42.350802,-71.043858,68.0,2014-11-14 09:18:26,3877
692,42.350755,-71.043936,68.0,2014-11-14 09:18:24,3877
693,42.350692,-71.044011,68.0,2014-11-14 09:18:22,3877
694,42.350615,-71.044079,76.0,2014-11-14 09:18:20,3877
695,42.350548,-71.044146,76.0,2014-11-14 09:18:18,3877
696,42.350484,-71.044213,76.0,2014-11-14 09:18:16,3877
697,42.350455,-71.044295,75.0,2014-11-14 09:18:14,3877
698,42.350393,-71.044349,63.0,2014-11-14 09:18:12,3877
699,42.350325,-71.04441,63.0,2014-11-14 09:18:10,3877
700,42.350268,-71.044471,65.0,2014-11-14 09:18:08,3877
701,42.350168,-71.044527,68.0,2014-11-14 09:18:06,3877
702,42.350063,-71.044555,73.0,2014-11-14 09:18:04,3877
703,42.34996,-71.044619,67.0,2014-11-14 09:18:02,3877
704,42.34987,-71.044731,73.0,2014-11-14 09:18:00,3877
705,42.349832,-71.044827,73.0,2014-11-14 09:17:58,3877
706,42.34977,-71.0449,70.0,2014-11-14 09:17:56,3877
707,42.349709,-71.044974,76.0,2014-11-14 09:17:54,3877
708,42.349644,-71.045043,70.0,2014-11-14 09:17:52,3877
709,42.34957,-71.045109,70.0,2014-11-14 09:17:50,3877
710,42.349481,-71.045167,71.0,2014-11-14 09:17:48,3877
711,42.349428,-71.045215,73.0,2014-11-14 09:17:46,3877
712,42.349388,-71.045256,66.0,2014-11-14 09:17:44,3877
713,42.349371,-71.045287,65.0,2014-11-14 09:17:42,3877
714,42.349355,-71.045306,68.0,2014-11-14 09:17:40,3877
715,42.349346,-71.045324,71.0,2014-11-14 09:17:38,3877
716,42.349343,-71.045371,72.0,2014-11-14 09:17:36,3877
717,42.349345,-71.045436,66.0,2014-11-14 09:17:34,3877
718,42.349343,-71.04551,65.0,2014-11-14 09:17:32,3877
719,42.349346,-71.045596,61.0,2014-11-14 09:17:30,3877
720,42.349355,-71.04569,62.0,2014-11-14 09:17:28,3877
721,42.349365,-71.045784,66.0,2014-11-14 09:17:26,3877
722,42.349369,-71.045882,64.0,2014-11-14 09:17:24,3877
723,42.349381,-71.045985,60.0,2014-11-14 09:17:22,3877
724,42.349397,-71.046094,58.0,2014-11-14 09:17:20,3877
725,42.349411,-71.046201,62.0,2014-11-14 09:17:18,3877
726,42.349427,-71.046304,56.0,2014-11-14 09:17:16,3877
727,42.349444,-71.046392,60.0,2014-11-14 09:17:14,3877
728,42.349455,-71.046465,58.0,2014-11-14 09:17:12,3877
729,42.34947,-71.04654,64.0,2014-11-14 09:17:10,3877
730,42.349493,-71.046622,61.0,2014-11-14 09:17:08,3877
731,42.349521,-71.04671,63.0,2014-11-14 09:17:06,3877
732,42.349549,-71.046793,68.0,2014-11-14 09:17:04,3877
733,42.349582,-71.046853,61.0,2014-11-14 09:17:02,3877
734,42.349626,-71.046898,60.0,2014-11-14 09:17:00,3877
735,42.34966,-71.046941,63.0,2014-11-14 09:16:58,3877
736,42.34968,-71.046983,61.0,2014-11-14 09:16:56,3877
737,42.349704,-71.04701,60.0,2014-11-14 09:16:54,3877
738,42.349744,-71.046989,58.0,2014-11-14 09:16:52,3877
739,42.349803,-71.046921,76.0,2014-11-14 09:16:50,3877
740,42.349859,-71.046915,68.0,2014-11-14 09:16:48,3877
741,42.349945,-71.04692,60.0,2014-11-14 09:16:46,3877
742,42.350017,-71.04685,60.0,2014-11-14 09:16:44,3877
743,42.350089,-71.046762,58.0,2014-11-14 09:16:42,3877
744,42.350189,-71.046763,62.0,2014-11-14 09:16:40,3877
745,42.350277,-71.046695,64.0,2014-11-14 09:16:38,3877
746,42.350391,-71.046642,67.0,2014-11-14 09:16:36,3877
747,42.350557,-71.046491,76.0,2014-11-14 09:16:34,3877
748,42.350634,-71.046448,72.0,2014-11-14 09:16:32,3877
749,42.350742,-71.046424,78.0,2014-11-14 09:16:30,3877
750,42.350703,-71.046349,72.0,2014-11-14 09:16:28,3877
751,42.350716,-71.046288,72.0,2014-11-14 09:16:26,3877
752,42.350773,-71.046208,79.0,2014-11-14 09:16:24,3877
753,42.350848,-71.046159,78.0,2014-11-14 09:16:22,3877
754,42.350904,-71.046073,77.0,2014-11-14 09:16:20,3877
755,42.350999,-71.046006,67.0,2014-11-14 09:16:18,3877
756,42.351084,-71.045949,66.0,2014-11-14 09:16:16,3877
757,42.351194,-71.045925,67.0,2014-11-14 09:16:14,3877
758,42.351312,-71.045863,69.0,2014-11-14 09:16:12,3877
759,42.351406,-71.045799,70.0,2014-11-14 09:16:10,3877
760,42.351489,-71.04579,69.0,2014-11-14 09:16:08,3877
761,42.351568,-71.045712,68.0,2014-11-14 09:16:06,3877
762,42.351691,-71.045669,75.0,2014-11-14 09:16:04,3877
763,42.351758,-71.045671,71.0,2014-11-14 09:16:02,3877
764,42.351814,-71.04575,70.0,2014-11-14 09:16:00,3877
765,42.35184,-71.045836,71.0,2014-11-14 09:15:58,3877
766,42.351888,-71.045939,68.0,2014-11-14 09:15:56,3877
767,42.351934,-71.046041,67.0,2014-11-14 09:15:54,3877
768,42.351972,-71.046172,61.0,2014-11-14 09:15:52,3877
769,42.352038,-71.046326,62.0,2014-11-14 09:15:50,3877
770,42.352109,-71.046397,62.0,2014-11-14 09:15:48,3877
771,42.352165,-71.046461,65.0,2014-11-14 09:15:46,3877
772,42.352222,-71.046535,63.0,2014-11-14 09:15:44,3877
773,42.352268,-71.04661,63.0,2014-11-14 09:15:42,3877
774,42.352306,-71.046709,68.0,2014-11-14 09:15:40,3877
775,42.352329,-71.046781,70.0,2014-11-14 09:15:38,3877
776,42.35244,-71.04684,61.0,2014-11-14 09:15:36,3877
777,42.35257,-71.046842,64.0,2014-11-14 09:15:34,3877
778,42.352653,-71.046815,65.0,2014-11-14 09:15:32,3877
779,42.355531,-71.047108,70.0,2014-11-14 09:15:30,3877
780,42.355585,-71.047167,72.0,2014-11-14 09:15:28,3877
781,42.355625,-71.047127,73.0,2014-11-14 09:15:26,3877
782,42.356118,-71.046944,67.0,2014-11-14 09:14:47,3877
783,42.356118,-71.046944,70.0,2014-11-14 09:14:45,3877
784,42.356118,-71.046944,65.0,2014-11-14 09:14:43,3877
785,42.356118,-71.046944,62.0,2014-11-14 09:14:41,3877
786,42.356118,-71.046944,63.0,2014-11-14 09:14:39,3877
787,42.356149,-71.046961,72.0,2014-11-14 09:14:37,3877
788,42.35634,-71.046954,64.0,2014-11-14 09:14:35,3877
789,42.356389,-71.047024,66.0,2014-11-14 09:14:33,3877
790,42.356384,-71.047111,70.0,2014-11-14 09:14:31,3877
791,42.356457,-71.047183,64.0,2014-11-14 09:14:29,3877
792,42.356941,-71.047265,62.0,2014-11-14 09:14:25,3877
793,42.357016,-71.047288,64.0,2014-11-14 09:14:24,3877
794,42.353133,-71.047436,61.0,2014-11-14 09:14:21,3877
795,42.353133,-71.047436,61.0,2014-11-14 09:14:19,3877
796,42.353355,-71.044673,61.0,2014-11-14 09:04:11,3877
797,42.353422,-71.044812,64.0,2014-11-14 09:04:09,3877
798,42.353509,-71.044953,61.0,2014-11-14 09:04:07,3877
799,42.353621,-71.045101,72.0,2014-11-14 09:04:05,3877
800,42.353719,-71.045239,71.0,2014-11-14 09:04:03,3877
801,42.35381,-71.045347,69.0,2014-11-14 09:04:01,3877
802,42.353857,-71.045376,69.0,2014-11-14 09:03:59,3877
803,42.353904,-71.04539,67.0,2014-11-14 09:03:57,3877
804,42.353948,-71.045396,66.0,2014-11-14 09:03:55,3877
805,42.353993,-71.045362,81.0,2014-11-14 09:03:53,3877
806,42.354017,-71.045306,70.0,2014-11-14 09:03:51,3877
807,42.35405,-71.045271,74.0,2014-11-14 09:03:49,3877
808,42.354104,-71.045288,67.0,2014-11-14 09:03:47,3877
809,42.354161,-71.045311,75.0,2014-11-14 09:03:45,3877
810,42.354215,-71.045343,71.0,2014-11-14 09:03:43,3877
811,42.354246,-71.045389,70.0,2014-11-14 09:03:41,3877
812,42.354262,-71.045447,70.0,2014-11-14 09:03:39,3877
813,42.354278,-71.04553,71.0,2014-11-14 09:03:37,3877
814,42.354307,-71.045623,71.0,2014-11-14 09:03:35,3877
815,42.35433,-71.045721,71.0,2014-11-14 09:03:33,3877
816,42.35434,-71.045811,72.0,2014-11-14 09:03:31,3877
817,42.354351,-71.04589,72.0,2014-11-14 09:03:29,3877
818,42.354389,-71.04596,72.0,2014-11-14 09:03:27,3877
819,42.354422,-71.046029,72.0,2014-11-14 09:03:25,3877
820,42.354518,-71.046078,72.0,2014-11-14 09:03:23,3877
821,42.354633,-71.046262,70.0,2014-11-14 09:03:19,3877
822,42.354633,-71.046262,68.0,2014-11-14 09:03:17,3877
823,42.354633,-71.046262,69.0,2014-11-14 09:03:14,3877
824,42.354675,-71.046314,71.0,2014-11-14 09:03:12,3877
