,lat,lng,day,minute,hour,loudness,city,n_agg
0,41.96817512999998,-71.70215912000002,4,28.066666666666666,0,56.280044444444464,boston,45
1,42.26284293811592,-71.02565265711291,5,48.0,5,27.171374999999998,boston,8
2,42.26283852999997,-71.02565808000004,5,56.46341463414634,5,27.0019756097561,boston,41
3,42.26283852999997,-71.02565808000006,5,21.43859649122807,6,23.892578947368417,boston,57
4,42.26283853,-71.02565808,5,23.0,6,21.0015,boston,2
5,42.26283852999996,-71.0256580799999,5,44.75,6,21.355695652173914,boston,92
6,42.26281219,-71.02563479000001,5,29.857142857142858,7,20.285714285714285,boston,7
7,42.262843780000004,-71.02564464,5,56.36363636363637,7,24.272727272727273,boston,11
8,42.2628072764685,-71.02563713383557,5,20.0,8,22.0989010989011,boston,91
9,42.26283339481609,-71.025650830955,5,30.291666666666668,8,24.1484375,boston,384
10,42.262818557580694,-71.02563976358854,5,45.17718446601942,8,24.490291262135923,boston,412
11,42.26280895000006,-71.02563301000008,5,55.972972972972975,8,26.35135135135135,boston,222
12,42.26280895000001,-71.02563301000008,5,2.0517241379310347,9,24.73447413793103,boston,116
13,42.26280895,-71.02563301,5,21.0,9,21.6,boston,5
14,42.26280895,-71.02563301,5,35.2,9,20.0,boston,5
15,42.26280895,-71.02563301,5,40.6,9,21.0,boston,5
16,42.26280895,-71.02563301,5,57.0,9,20.0,boston,1
17,42.26280895,-71.02563301,5,18.75,10,20.5,boston,4
18,42.26280895,-71.02563301,5,26.5,10,21.5,boston,2
19,42.26282743000001,-71.02567017,5,27.727272727272727,11,20.272727272727273,boston,11
20,42.26282743000001,-71.02567017,5,49.375,11,23.75,boston,8
21,42.26282743000001,-71.02567017,5,55.07142857142857,11,30.214285714285715,boston,14
22,42.26273838735882,-71.02572852412186,5,21.890625,12,25.546875,boston,64
23,42.26274413962108,-71.02572185475827,5,24.15702479338843,12,24.570892561983474,boston,121
24,42.26729321142857,-71.02113679142857,3,37.0,3,54.714285714285715,boston,7
25,42.26685009714307,-71.02069082411766,3,38.0,3,55.88235294117647,boston,17
26,42.268000850012484,-71.02194745696747,3,37.0,3,58.8,boston,10
27,42.26756867,-71.02143457,3,37.0,3,56.0,boston,1
28,42.26947381,-71.02351155,3,37.0,3,57.0,boston,1
29,42.26900618714286,-71.02303604,3,37.0,3,57.0,boston,7
30,42.270442505,-71.024563075,3,38.0,12,42.0,boston,2
31,42.270033563333335,-71.0240903,3,37.0,3,59.0,boston,6
32,42.2700010300471,-71.02412716575026,3,38.0,12,41.77777777777778,boston,9
33,42.27148124,-71.02566941,3,37.0,3,65.0,boston,1
34,42.2714195,-71.0255948,3,38.0,12,43.0,boston,1
35,42.27094056833333,-71.02506063666668,3,37.0,3,61.666666666666664,boston,6
36,42.270934804285716,-71.02509656142857,3,38.0,12,43.142857142857146,boston,7
37,42.272400450027504,-71.02669132994639,3,37.0,3,60.333333333333336,boston,3
38,42.272372680000004,-71.02663548999999,3,39.0,12,44.5,boston,2
39,42.27183940377245,-71.02605537116196,3,37.0,3,63.0,boston,5
40,42.271856665,-71.02605916499999,3,38.666666666666664,12,44.166666666666664,boston,6
41,42.273319709999996,-71.02763010999999,3,37.0,3,59.0,boston,2
42,42.273296173333335,-71.02766480666666,3,39.0,12,44.333333333333336,boston,3
43,42.27288030333333,-71.02719249333335,3,37.0,3,59.666666666666664,boston,3
44,42.2727918125,-71.0270947675,3,39.0,12,45.5,boston,4
45,42.274306143333334,-71.02868439999999,3,37.0,3,58.333333333333336,boston,3
46,42.274266426666664,-71.02865799666667,3,39.0,12,42.0,boston,3
47,42.273778113999995,-71.02812054399999,3,37.0,3,58.2,boston,5
48,42.273838688,-71.02821672600001,3,39.0,12,42.4,boston,5
49,42.27516112,-71.029771482,3,36.0,3,57.8,boston,5
50,42.2753521308667,-71.02963195429965,3,39.0,12,40.0,boston,7
51,42.274733675,-71.0292008125,3,36.0,3,58.0,boston,4
52,42.27479894801652,-71.02916139945123,3,39.0,12,43.9,boston,10
53,42.27615945111111,-71.03077751000001,3,35.0,3,56.333333333333336,boston,9
54,42.27580406957573,-71.03036134833359,3,36.0,3,56.90196078431372,boston,51
55,42.27611961365972,-71.03031451798188,3,40.642857142857146,12,41.330357142857146,boston,112
56,42.27723549857143,-71.03167102857142,3,35.0,3,55.142857142857146,boston,7
57,42.27742528333333,-71.03163357,3,42.0,12,40.333333333333336,boston,3
58,42.276728645714286,-71.03125070857142,3,35.0,3,60.57142857142857,boston,7
59,42.27695739,-71.03126530333333,3,42.0,12,42.166666666666664,boston,6
60,42.278085034610086,-71.03209915420395,3,35.0,3,56.166666666666664,boston,12
61,42.277973487000004,-71.032204499,3,42.0,12,41.9,boston,10
62,42.27927997,-71.03258939666667,3,35.0,3,62.333333333333336,boston,3
63,42.27928192716535,-71.03263152897858,3,42.833333333333336,12,43.166666666666664,boston,6
64,42.278795560000006,-71.03238577200001,3,35.0,3,61.0,boston,5
65,42.278761190000004,-71.03243632166668,3,42.0,12,44.166666666666664,boston,6
66,42.28002674857142,-71.03290183428571,3,35.0,3,58.42857142857143,boston,7
67,42.27998269,-71.03296141111112,3,43.0,12,42.22222222222222,boston,9
68,42.28133213333333,-71.03367304666666,3,35.0,3,57.333333333333336,boston,3
69,42.28111442,-71.033639275,3,43.0,12,45.75,boston,4
70,42.280883127500005,-71.0333505725,3,35.0,3,56.0,boston,4
71,42.280704744999994,-71.033394535,3,43.0,12,43.0,boston,2
72,42.2822218425,-71.034743575,3,34.0,3,56.5,boston,4
73,42.282209517999995,-71.034974422,3,43.0,12,45.0,boston,5
74,42.28174812,-71.03409568,3,34.75,3,55.75,boston,4
75,42.281730526000004,-71.03416296,3,43.0,12,45.0,boston,5
76,42.28318976166667,-71.03589029833333,3,34.0,3,57.0,boston,6
77,42.28314893142857,-71.03595338714285,3,43.0,12,45.142857142857146,boston,7
78,42.28264606,-71.03527046,3,34.0,3,57.666666666666664,boston,3
79,42.282647185,-71.035376085,3,43.0,12,43.5,boston,2
80,42.28410644667414,-71.03687853498063,3,34.0,3,63.333333333333336,boston,6
81,42.284017979999994,-71.03696568571429,3,43.0,12,44.42857142857143,boston,7
82,42.283648025000005,-71.036395045,3,34.0,3,60.5,boston,2
83,42.28507341428571,-71.03793616428571,3,34.0,3,65.71428571428571,boston,7
84,42.28513586666667,-71.037909715,3,43.0,12,46.0,boston,6
85,42.28457278,-71.03739409,3,34.0,3,66.0,boston,1
86,42.284605975000005,-71.03740406,3,43.0,12,44.0,boston,2
87,42.28610245285714,-71.03906997714286,3,34.0,3,61.0,boston,7
88,42.28600766285714,-71.03892245857143,3,43.285714285714285,12,46.714285714285715,boston,7
89,42.28556718,-71.03848496,3,34.0,3,67.0,boston,1
90,42.28555709,-71.03838302,3,43.0,12,48.0,boston,1
91,42.2874139,-71.04057662,3,34.0,3,59.0,boston,1
92,42.28749843,-71.04063415,3,44.0,12,44.0,boston,1
93,42.28695998714285,-71.04004423857143,3,34.0,3,57.57142857142857,boston,7
94,42.28698790142857,-71.04007260714286,3,44.0,12,44.57142857142857,boston,7
95,42.28650646,-71.03946588,3,44.0,12,43.0,boston,1
96,42.28832876333333,-71.04162163333335,3,34.0,3,57.333333333333336,boston,3
97,42.288372079999995,-71.04164875333333,3,44.0,12,42.333333333333336,boston,3
98,42.28780810666667,-71.04103413166666,3,34.0,3,58.0,boston,6
99,42.287915706666666,-71.041101915,3,44.0,12,43.666666666666664,boston,6
100,42.289323785,-71.042652265,3,33.0,3,59.5,boston,2
101,42.28938175,-71.04277359999999,3,44.0,12,43.333333333333336,boston,3
102,42.288851606,-71.042158082,3,34.0,3,59.0,boston,5
103,42.28885342285714,-71.04219387714286,3,44.0,12,42.857142857142854,boston,7
104,42.290317038,-71.04374032799998,3,33.0,3,57.8,boston,5
105,42.29034077668638,-71.04390185128493,3,44.0,12,45.4,boston,5
106,42.289820514,-71.04314233,3,33.0,3,60.6,boston,5
107,42.289752862499995,-71.0431886425,3,44.0,12,47.75,boston,4
108,42.29114356125,-71.04477395125,3,33.0,3,60.375,boston,8
109,42.291210288,-71.04484231800001,3,44.0,12,48.0,boston,5
110,42.290717394,-71.04426179600001,3,33.0,3,57.6,boston,5
111,42.290663609999996,-71.04431259333333,3,44.0,12,44.0,boston,3
112,42.292150145,-71.04590294666666,3,33.0,3,59.666666666666664,boston,6
113,42.292156338333335,-71.04587675833334,3,44.0,12,48.166666666666664,boston,6
114,42.29164559,-71.045324745,3,33.0,3,59.5,boston,2
115,42.291646445,-71.04530381000001,3,44.0,12,47.5,boston,2
116,42.29304440714286,-71.04692948142858,3,33.0,3,58.142857142857146,boston,7
117,42.29304900857143,-71.04695640428572,3,44.42857142857143,12,47.285714285714285,boston,7
118,42.2925409,-71.04637712,3,33.0,3,60.0,boston,1
119,42.29262845,-71.04648543,3,44.0,12,49.0,boston,1
120,42.294069251428574,-71.04803946,3,33.0,3,58.42857142857143,boston,7
121,42.29397471625,-71.04795399499999,3,45.0,12,48.25,boston,8
122,42.29352488,-71.04744618,3,33.0,3,62.0,boston,1
123,42.29541318,-71.04954175,3,33.0,3,57.0,boston,1
124,42.29492070571428,-71.04899990428571,3,33.0,3,58.142857142857146,boston,7
125,42.295088031,-71.049012802,3,45.0,12,43.6,boston,10
126,42.296364925,-71.050647045,3,32.0,3,56.0,boston,2
127,42.296401825000004,-71.050570045,3,45.0,12,43.0,boston,2
128,42.295864278571436,-71.05005967285713,3,32.42857142857143,3,56.714285714285715,boston,7
129,42.295905936153844,-71.0499853823077,3,45.0,12,42.69230769230769,boston,13
130,42.297283033333336,-71.05170530666668,3,32.0,3,59.333333333333336,boston,3
131,42.29739351333333,-71.05168887333333,3,45.0,12,45.333333333333336,boston,3
132,42.296774856,-71.051118198,3,32.0,3,57.4,boston,5
133,42.296885130999996,-71.051094979,3,45.0,12,44.3,boston,10
134,42.2982575625,-71.0527718825,3,32.0,3,60.25,boston,4
135,42.29815464898298,-71.05275389544424,3,45.375,12,43.125,boston,8
136,42.2977360775,-71.05219466,3,32.0,3,58.25,boston,4
137,42.297711,-71.05209895666667,3,45.0,12,44.5,boston,6
138,42.299196252,-71.053807484,3,32.0,3,59.8,boston,5
139,42.29916055875,-71.05378436125,3,46.0,12,40.875,boston,8
140,42.29872050333333,-71.05327306666666,3,32.0,3,60.666666666666664,boston,3
141,42.298656154,-71.053268828,3,46.0,12,41.8,boston,5
142,42.3001633225,-71.0547563625,3,32.0,3,57.25,boston,4
143,42.30008764200001,-71.054680284,3,46.0,12,41.8,boston,5
144,42.29970785333333,-71.05436627666667,3,32.0,3,58.666666666666664,boston,3
145,42.29969843329864,-71.0543531005732,3,46.0,12,41.4,boston,5
146,42.30095926285714,-71.05522316142857,3,32.0,3,57.857142857142854,boston,7
147,42.30089898743816,-71.05505808055631,3,46.0,12,41.75,boston,12
148,42.302153686000004,-71.055592744,3,32.0,3,58.0,boston,5
149,42.30213667289255,-71.05560344945403,3,46.0,12,41.285714285714285,boston,7
150,42.3016323,-71.055482845,3,32.0,3,58.5,boston,2
151,42.301645619999626,-71.0554711674924,3,46.0,12,41.25,boston,4
152,42.303039641666665,-71.05561994666665,3,32.0,3,58.333333333333336,boston,6
153,42.30292572387699,-71.0556829552115,3,46.0,12,41.5,boston,10
154,42.303686115,-71.05552492000001,3,32.0,3,56.5,boston,2
155,42.304143945,-71.05537845,3,31.25,3,61.75,boston,4
156,42.305010227142866,-71.05514498,3,31.0,3,58.857142857142854,boston,7
157,42.306061189999994,-71.05488992857143,3,31.0,3,57.142857142857146,boston,7
158,42.3070163075,-71.05465011499999,3,31.0,3,58.375,boston,8
159,42.30734208,-71.05466617,3,47.0,12,42.0,boston,1
160,42.30757501,-71.05451872,3,31.0,3,57.0,boston,1
161,42.307575045,-71.05454759999999,3,47.0,12,42.0,boston,2
162,42.30804449777777,-71.05436846444445,3,31.0,3,57.22222222222222,boston,9
163,42.308046588308876,-71.05435279426631,3,47.0,12,41.4,boston,10
164,42.30899055181818,-71.0540611781818,3,31.0,3,55.72727272727273,boston,11
165,42.30901107272727,-71.05405989727272,3,47.36363636363637,12,43.0,boston,11
166,42.30993650111111,-71.05367408777778,3,31.0,3,55.55555555555556,boston,9
167,42.310008866,-71.053654325,3,48.0,12,42.1,boston,10
168,42.3104223,-71.05349252,3,31.0,3,56.0,boston,1
169,42.310987663333336,-71.05326804416667,3,30.333333333333332,3,55.75,boston,12
170,42.31099943454545,-71.05324130818181,3,48.0,12,43.09090909090909,boston,11
171,42.31195270999999,-71.05285766400002,3,30.0,3,54.4,boston,10
172,42.312003996363636,-71.05291348181821,3,48.0,12,44.09090909090909,boston,11
173,42.3126983925,-71.05256294,3,30.0,3,61.0,boston,4
174,42.31278463333334,-71.05262171333332,3,48.0,12,42.166666666666664,boston,6
175,42.31316530666667,-71.05237485333333,3,30.0,3,59.0,boston,6
176,42.313277576,-71.052404282,3,48.0,12,41.2,boston,5
177,42.31395215071109,-71.05210773727235,3,30.0,3,56.90909090909091,boston,11
178,42.31400954636364,-71.05210775090909,3,48.0,12,41.63636363636363,boston,11
179,42.3151709025583,-71.05195467907306,3,30.0,3,55.5625,boston,16
180,42.315000039999994,-71.05195932199999,3,48.8,12,45.8,boston,10
181,42.316258360000006,-71.05203427000001,3,30.0,3,44.5,boston,4
182,42.315996824545444,-71.0520426109091,3,49.0,12,44.36363636363637,boston,11
183,42.316688080000006,-71.05206788,3,29.25,3,44.25,boston,4
184,42.31701167000025,-71.05201761800434,3,49.0,12,40.8,boston,10
185,42.317968338,-71.052167082,3,49.0,12,40.7,boston,10
186,42.319044739,-71.052302944,3,49.0,12,42.2,boston,10
187,42.32049265522294,-71.05234906789772,3,28.0,3,46.785714285714285,boston,14
188,42.32005671882435,-71.05219102754197,3,49.266666666666666,12,40.86666666666667,boston,15
189,42.32123001,-71.22175375,0,3.0,23,67.0,boston,1
190,42.321043757735964,-71.22139542214032,0,3.0,23,66.75,boston,4
191,42.3207527935089,-71.05236183416163,3,28.0,3,45.03225806451613,boston,31
192,42.3207953855049,-71.05224467825602,3,50.0,12,41.35294117647059,boston,51
193,42.322396510000004,-71.22367228,0,4.0,23,70.0,boston,2
194,42.3220658825,-71.222975545,0,4.0,23,68.75,boston,4
195,42.321717963333334,-71.22229968,0,3.3333333333333335,23,68.33333333333333,boston,3
196,42.32212225875,-71.052628645,3,28.0,3,48.5,boston,8
197,42.3222961775,-71.05255905749999,3,50.75,12,39.75,boston,4
198,42.321645360000005,-71.052479965,3,28.0,3,44.0,boston,2
199,42.321848212499994,-71.05246407249999,3,50.0,12,41.5,boston,4
200,42.32342632333333,-71.22591054333333,0,4.0,23,71.33333333333333,boston,3
201,42.323018778,-71.22502112800001,0,4.0,23,70.0,boston,5
202,42.32264436333333,-71.224215,0,4.0,23,70.33333333333333,boston,3
203,42.323145020173094,-71.0531177378838,3,27.27777777777778,3,47.166666666666664,boston,18
204,42.32303255076991,-71.05299136999686,3,51.0,12,40.61538461538461,boston,13
205,42.3243330925,-71.22790702,0,4.0,23,67.75,boston,4
206,42.323916876,-71.226978564,0,4.0,23,69.0,boston,5
207,42.32365917,-71.22642672,0,4.0,23,68.0,boston,1
208,42.324296985000004,-71.05421932833333,3,27.0,3,43.666666666666664,boston,6
209,42.32407883363636,-71.05391467363637,3,51.0,12,41.27272727272727,boston,11
210,42.323575145,-71.05344295,3,51.0,12,42.5,boston,2
211,42.325221715,-71.229702805,0,4.0,23,63.75,boston,4
212,42.32483536,-71.22895257600001,0,4.0,23,64.8,boston,5
213,42.32461022,-71.2284844,0,4.0,23,70.0,boston,1
214,42.325371562499996,-71.05569854250001,3,27.0,3,43.25,boston,4
215,42.325436365,-71.0556266,3,51.0,12,41.5,boston,2
216,42.324893342,-71.05500253900001,3,27.0,3,43.4,boston,10
217,42.32500573545454,-71.05502738909092,3,51.0,12,42.72727272727273,boston,11
218,42.32452741,-71.05449886,3,27.0,3,51.0,boston,1
219,42.32454272,-71.0544128,3,51.0,12,42.0,boston,2
220,42.326153212727284,-71.05674955227272,3,51.63636363636363,12,52.95454545454545,boston,22
221,42.326238069999874,-71.05695582000031,2,54.96825396825397,12,47.759915343915324,boston,189
222,42.32551919363723,-71.05599543757053,3,26.416666666666668,3,52.65,boston,60
223,42.32575943125,-71.05615223625,3,51.0,12,42.375,boston,8
224,42.32974805,-71.05853352,3,15.0,3,27.393,summerville,1
225,42.3353624,-71.0715632,3,45.0,13,49.492000000000004,boston,5
226,42.33532319,-71.07118149,1,1.0,3,26.526999999999997,summerville,1
227,42.33539215999999,-71.07131784,3,45.12,13,54.50040000000003,boston,25
228,42.336410050000204,-71.07206438000073,3,16.926994906621392,0,39.19222750424446,boston,589
229,42.336410050000076,-71.07206438000091,3,30.09801488833747,0,34.596307692307676,boston,806
230,42.336410049999984,-71.07206438000092,3,45.217129071170085,0,34.610751507840746,boston,829
231,42.33641005000002,-71.07206438000001,3,53.0,0,36.210586206896544,boston,29
232,42.335922,-71.071714,3,51.0,13,53.5,boston,2
233,42.336019999999984,-71.07202600000001,3,56.193548387096776,14,50.99967741935483,brookline,31
234,42.336074944444526,-71.07179442592582,1,48.27777777777778,15,54.2751851851852,boston,108
235,42.336060583333335,-71.07178233333333,1,53.0,15,58.139166666666675,boston,12
236,42.336090235294044,-71.07179263865541,1,15.193277310924369,16,58.75126050420169,boston,119
237,42.336144999999995,-71.072209,3,27.0,16,48.92285714285714,brookline,7
238,42.335509,-71.071343,3,45.0,13,55.22,boston,1
239,42.33658671229129,-71.07238552723852,4,35.33990147783251,15,21.814532019704437,summerville,203
240,42.3366325074463,-71.07232161024619,4,45.123359580052494,15,23.718854330708666,summerville,762
241,42.33665816257704,-71.07227914327412,4,56.0,15,26.352554761904784,summerville,420
242,42.33675591198712,-71.07216589514609,4,3.8181818181818183,16,29.129043181818158,summerville,440
243,42.33671473692567,-71.07222063382805,4,13.756315007429421,16,23.42990341753344,summerville,673
244,42.3372290883512,-71.02436858238525,0,59.0,2,62.57142857142857,boston,7
245,42.340328,-71.15826799999998,0,53.0,23,31.10354838709678,boston,31
246,42.34272632,-71.08461471,3,23.0,2,63.928000000000004,boston,1
247,42.3485,-71.0978,5,13.0,23,58.0,boston,1
248,42.3485,-71.0934,5,26.0,19,57.0,boston,2
249,42.34846666666667,-71.0886,5,42.0,20,56.666666666666664,boston,3
250,42.34824782608697,-71.08826956521737,5,41.0,20,53.82608695652174,boston,23
251,42.34845882352943,-71.08486470588237,5,46.0,20,52.64705882352941,boston,17
252,42.34790000000002,-71.08449999999996,6,41.42857142857143,2,42.30357142857143,boston,56
253,42.34790000000005,-71.08449999999996,6,45.94285714285714,12,58.3,boston,70
254,42.347899999999996,-71.08450000000002,6,52.0,13,53.470588235294116,boston,17
255,42.34790000000002,-71.08450000000038,6,56.228699551569505,13,55.52466367713004,boston,223
256,42.347900000000145,-71.08450000000046,6,3.490974729241877,14,58.631768953068594,boston,277
257,42.34790000000015,-71.08450000000047,6,12.330960854092528,14,55.455516014234874,boston,281
258,42.34790000000001,-71.08450000000038,6,19.200913242009133,19,54.17351598173516,boston,219
259,42.34790000000035,-71.08450000000055,6,30.506382978723405,19,54.761702127659575,boston,470
260,42.34790000000008,-71.08449999999996,6,39.305882352941175,19,53.38823529411765,boston,85
261,42.3484064516129,-71.08391290322581,5,46.74193548387097,20,51.225806451612904,boston,31
262,42.347900000000024,-71.08449999999999,6,2.762295081967213,22,67.08196721311475,boston,122
263,42.348431,-71.04154150000001,4,22.0,9,70.0,cambridge,2
264,42.348342111111116,-71.04107377777777,4,21.666666666666668,9,73.22222222222223,cambridge,9
265,42.34828314285714,-71.04111685714284,4,32.0,9,72.42857142857143,cambridge,7
266,42.3484805,-71.040336,4,21.0,9,74.5,cambridge,2
267,42.348018375,-71.040153125,4,32.0,9,77.25,cambridge,8
268,42.348359,-71.039346,4,32.0,9,73.0,cambridge,1
269,42.34891027667992,-71.09788181818203,5,33.359683794466406,19,53.26086956521739,boston,253
270,42.34890000000029,-71.09790000000038,5,41.897350993377486,19,38.98675496688742,boston,302
271,42.34872727272726,-71.09762424242426,5,12.787878787878787,23,52.78787878787879,boston,33
272,42.348842857142856,-71.09702857142857,5,29.0,19,55.142857142857146,boston,7
273,42.34900967741936,-71.0970064516129,5,11.870967741935484,23,51.61290322580645,boston,31
274,42.34903448275863,-71.09600000000002,5,28.93103448275862,19,53.10344827586207,boston,29
275,42.349113953488384,-71.09608372093022,5,10.69767441860465,23,51.27906976744186,boston,43
276,42.3488,-71.09514499999999,5,28.0,19,52.15,boston,20
277,42.349235714285726,-71.09500357142859,5,9.714285714285714,23,50.892857142857146,boston,28
278,42.348758333333336,-71.09400833333336,5,27.333333333333332,19,54.02777777777778,boston,36
279,42.349200000000025,-71.09401562500001,5,8.8125,23,51.25,boston,32
280,42.34888333333333,-71.09293333333333,5,27.0,19,54.333333333333336,boston,6
281,42.349292307692295,-71.09263846153846,5,7.0,23,62.84615384615385,boston,13
282,42.34920714285715,-71.09298571428569,5,8.0,23,57.07142857142857,boston,28
283,42.34881818181817,-71.09243636363637,5,26.363636363636363,19,58.09090909090909,boston,11
284,42.34914285714286,-71.09201746031748,5,6.158730158730159,23,62.07936507936508,boston,63
285,42.348821739130415,-71.09105217391303,5,5.0,23,54.34782608695652,boston,23
286,42.348637499999995,-71.08867500000001,5,42.0,20,51.25,boston,8
287,42.34899615384615,-71.08793846153846,5,42.07692307692308,20,52.84615384615385,boston,26
288,42.34930909090909,-71.08724545454547,5,43.0,20,52.0,boston,11
289,42.34937142857143,-71.0859,5,44.0,20,52.714285714285715,boston,7
290,42.348664285714285,-71.08519999999999,5,45.642857142857146,20,51.714285714285715,boston,14
291,42.3494815,-71.046581,4,17.0,9,62.5,cambridge,2
292,42.3493965,-71.0468875,4,27.5,9,71.6,cambridge,10
293,42.34939027272727,-71.04599118181817,4,17.0,9,61.09090909090909,cambridge,11
294,42.349174627906976,-71.0457623488372,4,28.790697674418606,9,71.06976744186046,cambridge,43
295,42.349382125000005,-71.04529525,4,17.0,9,69.0,cambridge,8
296,42.34925046666667,-71.04501473333332,4,26.2,9,73.93333333333334,cambridge,15
297,42.34937433333334,-71.04402333333334,4,28.333333333333332,9,70.33333333333333,cambridge,12
298,42.349307558823526,-71.0431272647059,4,20.41176470588235,9,67.5,cambridge,34
299,42.349261222222225,-71.04308,4,28.333333333333332,9,74.11111111111111,cambridge,9
300,42.348860230769226,-71.04196526923076,4,20.153846153846153,9,72.26923076923077,cambridge,26
301,42.348751857142865,-71.04202000000001,4,31.857142857142858,9,77.57142857142857,cambridge,7
302,42.349044615384614,-71.04095261538461,4,20.0,9,64.84615384615384,cambridge,13
303,42.348925791666666,-71.04011904166667,4,21.0,9,68.625,cambridge,24
304,42.349283400000004,-71.03991679999999,4,33.0,9,70.8,cambridge,5
305,42.34878785714285,-71.0391875,4,32.785714285714285,9,69.57142857142857,cambridge,14
306,42.349574999999994,-71.08675000000001,5,43.0,20,54.333333333333336,boston,12
307,42.349732142857135,-71.08612142857142,5,43.92857142857143,20,53.892857142857146,boston,28
308,42.3504715,-71.0485655,4,27.5,9,99.0,cambridge,2
309,42.35017604166667,-71.04790249999999,4,26.0,9,77.54166666666667,cambridge,24
310,42.34985224999999,-71.0468528125,4,16.25,9,63.0625,cambridge,16
311,42.3498001,-71.0472786,4,25.0,9,79.6,cambridge,10
312,42.349842888888894,-71.04480944444444,4,17.444444444444443,9,71.11111111111111,cambridge,9
313,42.350385,-71.04434760000001,4,18.0,9,68.4,cambridge,5
314,42.3495355,-71.0437325,4,23.0,9,80.5,cambridge,2
315,42.349965999999995,-71.04325244444445,4,18.444444444444443,9,66.55555555555556,cambridge,9
316,42.3499084,-71.0431258,4,27.4,9,72.8,cambridge,5
317,42.35017125,-71.041953,4,34.0,9,77.125,cambridge,8
318,42.34959283333334,-71.04063433333333,4,20.166666666666668,9,65.16666666666667,cambridge,6
319,42.349723363636365,-71.04096172727272,4,33.18181818181818,9,76.45454545454545,cambridge,11
320,42.35125444444444,-71.04971622222222,4,28.0,9,62.55555555555556,cambridge,9
321,42.350863919999995,-71.04897816,4,27.0,9,71.12,cambridge,25
322,42.3506925,-71.04778466666667,4,25.0,9,79.66666666666667,cambridge,6
323,42.3508036,-71.0470042,4,24.0,9,71.2,cambridge,5
324,42.35095435714286,-71.04612657142857,4,16.0,9,72.28571428571429,cambridge,14
325,42.350736,-71.043873875,4,18.0,9,70.125,cambridge,8
326,42.351148833333326,-71.043844,4,34.55555555555556,9,73.61111111111111,cambridge,18
327,42.3514645,-71.04377099999999,4,40.0,9,75.5,cambridge,2
328,42.3506685,-71.043265125,4,18.0,9,67.25,cambridge,8
329,42.35072400000001,-71.04320783333334,4,34.0,9,67.83333333333333,cambridge,6
330,42.351627750000006,-71.049666,4,28.0,9,95.5,cambridge,4
331,42.35211430769231,-71.04911484615384,4,27.846153846153847,9,71.84615384615384,cambridge,13
332,42.35199147058824,-71.04802664705882,4,26.647058823529413,9,80.0,cambridge,17
333,42.352312999999995,-71.046695,4,15.0,9,65.0,cambridge,5
334,42.352455666666664,-71.046698,4,36.0,9,72.66666666666667,cambridge,3
335,42.35188881818181,-71.04599763636364,4,15.363636363636363,9,67.27272727272727,cambridge,11
336,42.35206087499999,-71.045953875,4,35.25,9,74.875,cambridge,8
337,42.351650600000006,-71.04500500000002,4,35.0,9,65.4,cambridge,5
338,42.352393000000006,-71.04466357142857,4,39.285714285714285,9,68.57142857142857,cambridge,7
339,42.3518256,-71.04410686666667,4,39.93333333333333,9,74.06666666666666,cambridge,15
340,42.35266887499999,-71.048635125,4,27.0,9,69.0,cambridge,8
341,42.35302837499999,-71.04813975,4,32.625,9,71.375,cambridge,16
342,42.352872250000004,-71.04713225,4,14.5,9,62.75,cambridge,4
343,42.3530819,-71.0469815,4,36.6,9,72.7,cambridge,10
344,42.35345833333333,-71.04659933333333,4,39.0,9,69.0,cambridge,3
345,42.35339857142857,-71.04607657142857,4,37.0,9,63.285714285714285,cambridge,7
346,42.353126733333326,-71.04596053333333,4,38.53333333333333,9,68.66666666666667,cambridge,15
347,42.353388499999994,-71.0447425,4,4.0,9,62.5,cambridge,2
348,42.352958421052634,-71.04499,4,38.68421052631579,9,68.0,cambridge,19
349,42.35310675,-71.04423474999999,4,40.6875,9,69.5,cambridge,16
350,42.353788461435954,-71.05813287125855,2,57.3125,12,50.414875000000016,boston,64
351,42.354353447663996,-71.05733602299563,2,58.0,12,47.9593,boston,10
352,42.3535945,-71.04798825,4,36.25,9,77.5,cambridge,4
353,42.354273266666674,-71.04805633333334,4,43.86666666666667,9,67.8,cambridge,15
354,42.35355716666667,-71.04696449999999,4,37.0,9,71.83333333333333,cambridge,6
355,42.35434528571428,-71.04579485714285,4,3.0,9,71.57142857142857,cambridge,7
356,42.353501,-71.045505,4,38.0,9,68.0,cambridge,1
357,42.353961066666656,-71.04530126666666,4,3.2666666666666666,9,70.2,cambridge,15
358,42.35359079999999,-71.04490159999999,4,39.8,9,68.2,cambridge,5
359,42.354168875,-71.04418525,4,41.25,9,74.5,cambridge,8
360,42.35509666999999,-71.07403384999999,5,41.71875,21,44.408625,boston,32
361,42.35543891571188,-71.05968699402429,2,59.0,12,44.392384615384614,boston,13
362,42.35541794305452,-71.0594150147977,3,0.3125,13,56.604166666666664,boston,48
363,42.35502393084437,-71.05810047011592,2,58.0,12,49.038999999999994,boston,12
364,42.35450641794391,-71.05749345484313,2,58.0,12,50.57899999999999,boston,2
365,42.35455066666667,-71.04756133333332,4,43.0,9,61.333333333333336,cambridge,3
366,42.354784375,-71.047015625,4,43.0,9,61.0,cambridge,8
367,42.35461840000001,-71.0462356,4,3.0,9,70.0,cambridge,5
368,42.35504371428571,-71.04593185714285,4,42.642857142857146,9,66.28571428571429,cambridge,14
369,42.355029,-71.04506833333333,4,42.0,9,75.83333333333333,cambridge,6
370,42.354809125,-71.04410225000001,4,42.0,9,79.5,cambridge,8
371,42.355593847974916,-71.05971669494691,2,58.869565217391305,12,45.57769565217392,boston,23
372,42.35594448384615,-71.05882860307693,2,58.0,12,50.366692307692304,boston,13
373,42.35572600030604,-71.05915257053141,3,1.2173913043478262,13,50.95652173913044,boston,115
374,42.35630293935704,-71.05834832667773,3,2.076923076923077,13,50.0,boston,13
375,42.35608076923077,-71.0470273076923,4,14.23076923076923,9,67.53846153846153,cambridge,13
376,42.35721268055873,-71.05853328023223,3,3.5172413793103448,13,50.689655172413794,boston,29
377,42.35697242510297,-71.05832100884795,3,3.3181818181818183,13,50.21212121212121,boston,66
378,42.3569785,-71.0472765,4,14.0,9,63.0,cambridge,2
379,42.35797330429932,-71.05793402041606,3,5.589473684210526,13,37.410526315789475,boston,95
380,42.35815188414277,-71.0571885424831,3,7.0,13,31.642857142857142,boston,42
381,42.35832871243639,-71.05703972861323,3,12.145833333333334,13,26.09375,boston,192
382,42.35905602999997,-71.09384080000005,0,13.0,20,34.69755319148936,cambridge,47
383,42.36149359,-71.07686340000001,3,25.0,2,64.234,boston,1
384,42.361421332000006,-71.075810372,3,25.0,2,64.3008,boston,5
385,42.361372452,-71.0750057,3,24.2,2,63.84780000000001,boston,5
386,42.36118078,-71.07405374666666,3,24.0,2,62.25583333333333,boston,6
387,42.36093039471439,-71.07290301971028,3,24.0,2,61.5535,boston,4
388,42.360690910859134,-71.0714084515141,3,23.5974025974026,2,58.29909090909093,boston,77
389,42.36124051312879,-71.06891183479576,1,59.0,18,49.25309756097562,boston,41
390,42.36124124999999,-71.06891130000001,1,0.0,19,49.73081818181819,boston,33
391,42.36180804930235,-71.08108474162789,3,25.209302325581394,2,61.70960465116281,boston,43
392,42.3618190175,-71.079970985,3,25.0,2,64.13275,boston,4
393,42.361752751666664,-71.07906233666667,3,25.0,2,61.76383333333334,boston,6
394,42.361632758,-71.078012772,3,25.0,2,64.139,boston,5
395,42.36157321666666,-71.07702822666668,3,25.0,2,64.83466666666665,boston,3
396,42.36153897,-71.07646253,3,25.0,2,64.667,boston,1
397,42.36471509102206,-71.0881033541903,3,15.0,3,25.0895,summerville,2
398,42.36636123920245,-71.09171222591378,4,30.182724252491695,17,31.94588039867111,summerville,301
399,42.36615877,-71.0162468,4,17.0,16,54.992,boston,1
400,42.36714705116415,-71.03474076324206,2,58.51282051282051,2,31.333333333333332,boston,39
401,42.3672284032133,-71.03447212888268,2,59.0,2,21.0625,boston,16
402,42.36745653032335,-71.03445831664911,2,0.0,3,20.630434782608695,boston,46
403,42.36745737251934,-71.03439083755536,0,52.0,5,47.945904761904764,boston,21
404,42.36748063505005,-71.03441782367383,0,53.0,5,36.193,boston,2
405,42.36705449427361,-71.01557024300894,4,17.0,16,56.53452,boston,25
406,42.36703754991422,-71.01541721250895,4,17.125,16,56.20174999999999,boston,8
407,42.36759272172178,-71.0345343542868,2,59.0,2,20.714285714285715,boston,7
408,42.36786332796062,-71.03454391304591,1,7.0,3,44.625,boston,8
409,42.36755942490534,-71.03452304303264,2,0.0,3,20.0,boston,4
410,42.36787147997548,-71.03452942471655,1,15.49308176100629,3,34.48805031446541,boston,795
411,42.367836075338815,-71.03451454974866,1,29.925501432664756,3,31.601179083094554,boston,698
412,42.36780377000008,-71.03450383000013,1,39.063291139240505,3,32.979303797468354,boston,158
413,42.367620248520424,-71.0343886728183,1,7.0,3,46.411764705882355,boston,17
414,42.36761540602415,-71.03448228477446,2,3.5572289156626504,3,36.78875301204819,boston,332
415,42.36772918141296,-71.03446797843472,1,8.0,3,34.13793103448276,boston,29
416,42.36766451904818,-71.0344868176519,2,14.224842767295597,3,34.15251572327044,boston,636
417,42.36768909999963,-71.03448896999964,2,30.116197183098592,3,31.208223591549295,boston,568
418,42.36775512167257,-71.03448703173977,1,46.358108108108105,3,33.7630945945946,boston,592
419,42.36768439334322,-71.03448437532487,2,44.6588785046729,3,26.382271028037376,boston,428
420,42.36774272000002,-71.03448236999984,1,55.843511450381676,3,42.1793893129771,boston,262
421,42.3676635000001,-71.03446396999982,2,56.156565656565654,3,25.6118787878788,boston,198
422,42.36773432592039,-71.03447721732303,1,4.076335877862595,4,37.00449236641222,boston,262
423,42.36766349999977,-71.0344639700003,2,3.808641975308642,4,24.531361111111117,boston,324
424,42.36771403999966,-71.03446475999972,1,16.886524822695037,4,29.60096926713949,boston,423
425,42.36766350000017,-71.03446397000005,2,13.895093062605753,4,27.6183350253807,boston,591
426,42.36770795782997,-71.03446266021265,1,26.523809523809526,4,23.257142857142856,boston,105
427,42.367663500000106,-71.03446396999985,2,28.24516129032258,4,34.870587096774194,boston,155
428,42.36768349,-71.03445420999998,1,45.92,4,24.64,boston,25
429,42.367663499999736,-71.03446397000037,2,45.17101449275362,4,29.364339130434782,boston,345
430,42.36768349,-71.03445420999999,1,55.90909090909091,4,26.59090909090909,boston,22
431,42.3676635000001,-71.03446396999986,2,56.4551724137931,4,24.78396551724138,boston,145
432,42.36768349,-71.03445421000005,1,3.0625,5,30.666666666666668,boston,48
433,42.367663500000084,-71.03446396999989,2,3.4285714285714284,5,33.686705357142856,boston,112
434,42.36768349,-71.03445421,1,16.91176470588235,5,26.941176470588236,boston,34
435,42.36766349999998,-71.0344639699998,2,13.735930735930737,5,32.67971861471861,boston,231
436,42.36768349,-71.03445421000002,1,30.25,5,25.575,boston,40
437,42.36766349999996,-71.03446396999983,2,27.378723404255318,5,36.26130212765957,boston,235
438,42.36768349,-71.03445421,1,46.0,5,20.0,boston,1
439,42.36766587230768,-71.03446329615387,2,40.97435897435897,5,26.410615384615383,boston,39
440,42.36761005350741,-71.03449338054662,0,53.611570247933884,5,37.82614049586775,boston,121
441,42.36768349,-71.03445421,1,57.0,5,21.0,boston,1
442,42.36769434,-71.03445521,2,59.0,5,20.807666666666666,boston,3
443,42.36768349,-71.03445421,1,1.0,6,21.14833333333333,boston,3
444,42.36769433999985,-71.0344552099997,2,2.815,6,22.240614999999995,boston,200
445,42.36768349,-71.03445421,1,13.0,6,27.0,boston,1
446,42.36769434000001,-71.03445521000002,2,12.333333333333334,6,20.833333333333332,boston,6
447,42.36769434000001,-71.03445521000002,2,23.25,6,20.973125,boston,8
448,42.36778352905854,-71.03433461550338,0,49.921052631578945,6,29.5,boston,76
449,42.36768349,-71.03445421000004,1,42.391304347826086,6,30.759826086956522,boston,46
450,42.367694339999986,-71.03445521000002,2,45.86363636363637,6,31.318181818181817,boston,22
451,42.36775843881152,-71.03434920348109,0,54.2,6,26.133333333333333,boston,15
452,42.36768349,-71.03445421000002,1,54.0,6,31.425,boston,40
453,42.36769433999999,-71.03445521000002,2,55.0,6,35.30769230769231,boston,26
454,42.36774534355466,-71.03438803294951,0,1.0,7,26.5,boston,14
455,42.36768349,-71.03445420999999,1,4.090909090909091,7,29.272727272727273,boston,22
456,42.36769434,-71.03445521,2,4.0,7,24.0,boston,1
457,42.36774533,-71.03438808,0,14.5,7,33.5,boston,4
458,42.36768349,-71.03445420999999,1,9.428571428571429,7,30.857142857142858,boston,21
459,42.36769434000001,-71.03445521000002,2,14.666666666666666,7,23.833333333333332,boston,6
460,42.36768349000007,-71.03445421000008,1,32.178082191780824,7,27.6046301369863,boston,73
461,42.36769434,-71.03445521,2,28.0,7,26.25,boston,4
462,42.36774533,-71.03438808,0,38.0,7,29.0,boston,1
463,42.36768349,-71.03445420999999,1,48.476190476190474,7,24.952380952380953,boston,21
464,42.36773761858186,-71.03440322878643,0,55.375,7,31.0739375,boston,16
465,42.36768349,-71.03445421,1,1.0,8,22.666666666666668,boston,3
466,42.36769434000001,-71.03445521000002,2,3.2222222222222223,8,28.555555555555557,boston,9
467,42.36772751,-71.03442313,0,14.625,8,22.174749999999996,boston,8
468,42.36768349,-71.03445421000002,1,18.625,8,26.0,boston,8
469,42.36769434,-71.03445521000002,2,17.9,8,28.766666666666666,boston,30
470,42.36772750999998,-71.03442313000004,0,26.903225806451612,8,30.828612903225807,boston,31
471,42.367683490000005,-71.03445421000005,1,31.365384615384617,8,25.94671153846154,boston,52
472,42.36769434000003,-71.03445521000002,2,28.69811320754717,8,27.132075471698112,boston,53
473,42.36772751,-71.03442313000002,0,44.22222222222222,8,29.960722222222223,boston,18
474,42.36768025061543,-71.0344457367693,1,41.95384615384615,8,28.015384615384615,boston,65
475,42.36769434000001,-71.03445521000002,2,46.38461538461539,8,25.307692307692307,boston,13
476,42.36772751,-71.03442313,0,53.0,8,22.5,boston,4
477,42.36766845,-71.03441487,1,53.333333333333336,8,27.0,boston,3
478,42.36769433999999,-71.03445521000002,2,55.42307692307692,8,28.96153846153846,boston,26
479,42.36772751,-71.03442313000002,0,6.1875,9,27.5625,boston,16
480,42.36766845,-71.03441487,1,3.0,9,21.0,boston,1
481,42.36769434000001,-71.03445521000002,2,3.0,9,27.428571428571427,boston,14
482,42.36772751,-71.03442313000002,0,14.777777777777779,9,22.055555555555557,boston,18
483,42.36766845,-71.03441487000002,1,10.727272727272727,9,23.10381818181818,boston,22
484,42.367694339999986,-71.03445521000002,2,9.869565217391305,9,28.434782608695652,boston,23
485,42.36772750999997,-71.03442313000004,0,35.588235294117645,9,26.147058823529413,boston,34
486,42.36766845000005,-71.03441487000005,1,27.21276595744681,9,32.55208510638298,boston,47
487,42.36769434,-71.03445521,2,28.0,9,26.0,boston,1
488,42.36772750999993,-71.03442312999991,0,43.8433734939759,9,25.40963855421687,boston,83
489,42.367668450000075,-71.03441486999998,1,41.18055555555556,9,30.541666666666668,boston,72
490,42.36769434,-71.03445521,2,45.333333333333336,9,34.333333333333336,boston,3
491,42.36772751,-71.03442313000002,0,55.588235294117645,9,23.647058823529413,boston,17
492,42.36766845,-71.03441486999999,1,57.75,9,24.75,boston,8
493,42.36769434,-71.03445521,2,56.5,9,20.5,boston,2
494,42.36772750999998,-71.03442313000004,0,4.15625,10,30.09375,boston,32
495,42.36766845,-71.03441487,1,4.25,10,20.25,boston,4
496,42.367694340000035,-71.03445520999993,2,4.070422535211268,10,26.338028169014084,boston,71
497,42.36772750999998,-71.03442313000004,0,16.636363636363637,10,28.818181818181817,boston,33
498,42.36766845,-71.03441486999999,1,13.076923076923077,10,31.923076923076923,boston,13
499,42.36769433999995,-71.03445520999978,2,16.88095238095238,10,25.50793650793651,boston,126
500,42.367727509999916,-71.0344231300001,0,32.525252525252526,10,28.42929292929293,boston,198
501,42.36766845000006,-71.03441487000006,1,30.482142857142858,10,28.643982142857144,boston,56
502,42.367694340000035,-71.03445520999995,2,31.735294117647058,10,27.102941176470587,boston,68
503,42.367727509999916,-71.03442312999982,0,45.375,10,27.357142857142858,boston,112
504,42.36766845000006,-71.03441487000006,1,45.339622641509436,10,28.132075471698112,boston,53
505,42.367694340000035,-71.03445520999995,2,45.205882352941174,10,25.63235294117647,boston,68
506,42.36766845,-71.03441487,1,56.333333333333336,10,23.065333333333335,boston,18
507,42.36769434000004,-71.03445520999993,2,54.342465753424655,10,24.892479452054797,boston,73
508,42.36772751,-71.03442313,0,1.0,11,24.0,boston,1
509,42.36766845,-71.03441486999999,1,4.833333333333333,11,21.333333333333332,boston,6
510,42.367694340000035,-71.03445520999995,2,4.071428571428571,11,20.928571428571427,boston,70
511,42.36772751,-71.03442313,0,14.714285714285714,11,21.714285714285715,boston,7
512,42.36766845000006,-71.03441487000006,1,15.385964912280702,11,21.605192982456142,boston,57
513,42.36769434000002,-71.03445520999982,2,15.572815533980583,11,24.02233009708738,boston,103
514,42.36772750999999,-71.03442313000004,0,31.689655172413794,11,25.275862068965516,boston,29
515,42.36766845000007,-71.03441487000002,1,31.841269841269842,11,21.365079365079364,boston,63
516,42.36769434000004,-71.03445520999966,2,31.172043010752688,11,22.326709677419355,boston,279
517,42.367727509999916,-71.03442312999995,0,45.0979020979021,11,28.384615384615383,boston,143
518,42.36766844999995,-71.03441486999998,1,45.66901408450704,11,25.53987323943662,boston,142
519,42.36769434000004,-71.03445520999966,2,44.0573476702509,11,24.523297491039425,boston,279
520,42.36772750999993,-71.03442312999991,0,54.97530864197531,11,27.135802469135804,boston,81
521,42.36766845000008,-71.0344148699999,1,56.79120879120879,11,26.36263736263736,boston,91
522,42.36769434000004,-71.03445520999992,2,55.39473684210526,11,22.427473684210526,boston,76
523,42.36772750999994,-71.03442313000001,0,3.564516129032258,12,26.467741935483872,boston,62
524,42.36766845000004,-71.03441486999986,1,4.700934579439252,12,29.23181308411215,boston,107
525,42.367694340000014,-71.03445521000002,2,0.0,12,55.40326315789474,boston,38
526,42.36772750999991,-71.03442313000002,0,16.54491017964072,12,27.345700598802395,boston,167
527,42.36766844999999,-71.03441486999989,1,10.788617886178862,12,30.221,boston,123
528,42.36772751000017,-71.03442313000033,0,32.00662251655629,12,32.37965121412803,boston,453
529,42.36772750999991,-71.03442313000026,0,47.61846153846154,12,29.055384615384614,boston,325
530,42.36772750999991,-71.03442313000023,0,55.55102040816327,12,32.68707482993197,boston,294
531,42.36772750999991,-71.03442313000023,0,3.1433333333333335,13,33.1421,boston,300
532,42.36912911,-71.03952483,2,3.0,4,35.0,boston,1
533,42.370487000000054,-71.03973200000013,3,35.6822429906542,2,25.130280373831795,boston,107
534,42.37048509090906,-71.03973352272732,3,38.31818181818182,2,25.35886363636363,boston,44
535,42.370409784053415,-71.03577197538576,0,3.5794392523364484,3,32.2803738317757,boston,107
536,42.370303565884555,-71.03566797869969,3,1.514018691588785,3,34.97196261682243,boston,107
537,42.37037027621387,-71.03570946906773,0,14.239747634069401,3,30.457413249211356,boston,317
538,42.37046398447859,-71.03579377839735,3,16.60128617363344,3,27.65434083601286,boston,622
539,42.37036491999985,-71.03568294000027,0,30.495652173913044,3,31.12608695652174,boston,230
540,42.3704102361596,-71.035667601986,3,26.68857142857143,3,34.997142857142855,boston,350
541,42.37036491999977,-71.03568294000013,0,47.36381322957198,3,36.02226459143969,boston,514
542,42.37035466457054,-71.035519081565,3,45.10121951219512,3,34.742232926829274,boston,820
543,42.37036491999993,-71.03568294000006,0,54.39869281045752,3,35.77777777777778,boston,153
544,42.37036156000028,-71.03552499999958,3,56.0,3,43.735368956743,boston,393
545,42.37036491999997,-71.03568293999992,0,3.4,4,32.18,boston,50
546,42.3703372228518,-71.03557559614681,2,5.261261261261262,4,42.46396396396396,boston,222
547,42.37036156000009,-71.03552499999954,3,3.561946902654867,4,42.15929203539823,boston,452
548,42.37029509362116,-71.0356582226683,0,12.637630662020905,4,30.850174216027874,boston,287
549,42.37034052204418,-71.03558107898722,2,15.05748865355522,4,41.93948562783661,boston,661
550,42.37037480090304,-71.0355447850293,3,15.107843137254902,4,32.84313725490196,boston,816
551,42.37024953000001,-71.03564553999999,0,29.894736842105264,4,26.263157894736842,boston,19
552,42.37033607000001,-71.0356071200003,2,30.610294117647058,4,27.08578431372549,boston,408
553,42.37038268999932,-71.03555657000068,3,29.986746987951808,4,34.83373493975903,boston,830
554,42.37024952999999,-71.03564553999998,0,43.12903225806452,4,28.129032258064516,boston,31
555,42.370336070000064,-71.03560712000018,2,43.51973684210526,4,27.138157894736842,boston,152
556,42.37038268999963,-71.03555657000042,3,45.98192771084337,4,26.004016064257026,boston,498
557,42.37024953,-71.03564554,0,56.142857142857146,4,21.285714285714285,boston,7
558,42.37033038920861,-71.03557061795216,2,57.75471698113208,4,26.5188679245283,boston,106
559,42.370382690000035,-71.03555657000024,3,55.97674418604651,4,29.844961240310077,boston,387
560,42.37024952999999,-71.03564553999998,0,2.5,5,29.90625,boston,32
561,42.3703295900001,-71.03556546999987,2,3.3046875,5,25.3984375,boston,128
562,42.37038258043411,-71.0355568022489,3,3.398026315789474,5,25.960526315789473,boston,304
563,42.37024952999996,-71.03564554000003,0,17.875,5,30.791666666666668,boston,48
564,42.37031329824689,-71.03554282673679,2,15.7680608365019,5,30.40684410646388,boston,263
565,42.370365798543695,-71.03559243594283,3,14.455965909090908,5,30.09659090909091,boston,704
566,42.37024952999994,-71.03564553999992,0,28.511363636363637,5,27.977272727272727,boston,88
567,42.370325224219606,-71.03558177047475,2,31.524590163934427,5,30.37704918032787,boston,183
568,42.37036577999975,-71.03559248000062,3,29.388961892247043,5,27.540078843626805,boston,761
569,42.37024953000001,-71.03564554,0,46.06666666666667,5,27.8,boston,15
570,42.37033135999994,-71.03561301999986,2,41.83,5,26.38616,boston,100
571,42.370365779999794,-71.03559247999958,3,44.32754342431762,5,24.666612903225804,boston,403
572,42.37024953000001,-71.03564554,0,57.46666666666667,5,24.4736,boston,15
573,42.370331359999945,-71.03561301999989,2,56.13333333333333,5,24.813333333333333,boston,75
574,42.370365779999794,-71.0355924799996,3,55.92893401015228,5,30.8016116751269,boston,394
575,42.37024952999995,-71.03564554000002,0,4.737704918032787,6,28.862475409836062,boston,61
576,42.37033135999992,-71.03561301999984,2,4.833333333333333,6,27.251230769230762,boston,156
577,42.37036573768392,-71.03559260261184,3,4.359223300970874,6,29.653977346278317,boston,309
578,42.37024953000001,-71.03564553999998,0,10.19047619047619,6,31.476190476190474,boston,21
579,42.37033135999992,-71.03561301999984,2,13.572192513368984,6,23.441299465240643,boston,187
580,42.37035252375724,-71.03563097379299,3,15.110091743119266,6,29.3299501965924,boston,763
581,42.37024953000001,-71.03564553999999,0,30.789473684210527,6,32.10526315789474,boston,19
582,42.37032550690193,-71.0356100688064,2,30.367781155015198,6,27.534954407294833,boston,329
583,42.37035251000001,-71.03563102000038,3,30.093023255813954,6,28.20572450805009,boston,559
584,42.37024953000001,-71.03564553999998,0,47.285714285714285,6,33.0,boston,21
585,42.37017541995474,-71.03553771423533,2,44.70748299319728,6,28.13605442176871,boston,294
586,42.370352296201716,-71.03563216742728,3,44.24007220216607,6,27.315884476534297,boston,554
587,42.37024953000001,-71.03564553999996,0,55.16,6,29.24,boston,25
588,42.37025405000003,-71.03555723999993,2,55.74,6,22.34,boston,50
589,42.3703070951181,-71.03571595119409,3,56.53721682847896,6,27.491909385113267,boston,309
590,42.37026650122002,-71.03565570158635,0,3.6666666666666665,7,24.583333333333332,boston,12
591,42.370280420057064,-71.03558061174917,2,3.986111111111111,7,23.145833333333332,boston,144
592,42.3703044600003,-71.0357164199997,3,3.5616438356164384,7,30.83370091324202,boston,438
593,42.37043474125,-71.0357903325,0,11.75,7,27.625,boston,8
594,42.37028975057511,-71.0356244161675,2,16.772727272727273,7,27.536363636363635,boston,110
595,42.3703044600004,-71.03571642000063,3,14.41139240506329,7,28.88132911392405,boston,632
596,42.370397409999995,-71.03576002,0,28.555555555555557,7,32.51851851851852,boston,27
597,42.3702895291773,-71.03563832000168,2,29.8031914893617,7,25.356382978723403,boston,188
598,42.370304460000405,-71.03571642000068,3,29.904024767801857,7,29.07894736842105,boston,646
599,42.37038337818182,-71.03573085181819,0,43.90909090909091,7,24.272727272727273,boston,11
600,42.37032182639012,-71.03552212954753,2,40.625,7,24.0,boston,8
601,42.37031393240194,-71.03571739892296,3,44.35454545454545,7,29.116963636363636,boston,660
602,42.37038026,-71.03572437,0,54.8,7,30.6,boston,5
603,42.37033591,-71.0357196699999,3,55.74503311258278,7,29.685430463576157,boston,302
604,42.370380260000026,-71.03572437000001,0,5.103448275862069,8,40.206896551724135,boston,29
605,42.37033591,-71.03571966999979,3,3.0949554896142435,8,28.821958456973295,boston,337
606,42.37038026,-71.03572437000001,0,15.857142857142858,8,25.785714285714285,boston,14
607,42.370330926074274,-71.03551518801719,2,17.944444444444443,8,23.75,boston,108
608,42.37033591,-71.03571966999934,3,15.259380097879282,8,27.940797716150087,boston,613
609,42.37037356470731,-71.03570527201728,0,29.8,8,24.4,boston,10
610,42.3702964916454,-71.03563219201928,2,24.0,8,23.5,boston,4
611,42.37033591,-71.03571966999924,3,30.413563829787233,8,28.8843085106383,boston,752
612,42.3702949,-71.03561906000003,0,45.5,8,25.535714285714285,boston,28
613,42.37033591000003,-71.03571966999922,3,44.64826700898588,8,28.969960205391526,boston,779
614,42.3702949,-71.03561906,0,53.666666666666664,8,24.333333333333332,boston,3
615,42.37033591,-71.03571967,3,56.210144927536234,8,27.753623188405797,boston,276
616,42.37029490000001,-71.03561906000003,0,3.5,9,29.40625,boston,32
617,42.370293557959016,-71.03559763703495,2,4.822085889570552,9,26.2760736196319,boston,163
618,42.37033591,-71.03571966999993,3,3.293918918918919,9,28.908783783783782,boston,296
619,42.37028579199999,-71.035622489,0,15.4,9,27.7,boston,10
620,42.3702988069136,-71.03559728892144,2,14.439890710382514,9,25.830601092896174,boston,366
621,42.37033591,-71.03571966999928,3,15.41727672035139,9,27.389458272327964,boston,683
622,42.37026454,-71.03563049,0,33.9375,9,30.4375,boston,16
623,42.3703722855791,-71.03582762174922,2,28.77880184331797,9,25.004608294930875,boston,217
624,42.37033591,-71.03571966999931,3,30.36018237082067,9,27.174772036474163,boston,658
625,42.37026454,-71.03563049,0,46.285714285714285,9,25.571428571428573,boston,7
626,42.37032867175684,-71.03557340016548,2,45.7900641025641,9,24.966346153846153,boston,624
627,42.370328704798894,-71.03567926728941,3,38.59090909090909,9,24.827272727272728,boston,110
628,42.37026454,-71.03563049,0,56.0,9,25.0,boston,8
629,42.370336430557465,-71.03559427401026,2,55.78260869565217,9,26.026086956521738,boston,345
630,42.37026454,-71.03563049,0,2.0,10,31.666666666666668,boston,9
631,42.37033709000017,-71.03560273000033,2,3.6502347417840375,10,33.36188262910798,boston,426
632,42.37024327882353,-71.03561437705882,0,16.823529411764707,10,25.647058823529413,boston,17
633,42.370310619428736,-71.03558504944016,2,9.184615384615384,10,33.55897435897436,boston,195
634,42.37022659626561,-71.03553224695695,3,19.619217081850532,10,33.370106761565836,boston,281
635,42.37039750764295,-71.03586200154759,2,31.420353982300885,10,26.88053097345133,boston,678
636,42.37022872505125,-71.03554329736144,3,29.84656084656085,10,30.11867989417989,boston,756
637,42.37019926856082,-71.03553029226798,0,47.523809523809526,10,27.333333333333332,boston,21
638,42.37040405497127,-71.03583056757921,2,45.216183574879224,10,29.85024154589372,boston,828
639,42.370347043652465,-71.0357468289087,3,44.90243902439025,10,29.52504268292683,boston,820
640,42.37024169,-71.0355892,0,55.57142857142857,10,25.0,boston,7
641,42.370382327349745,-71.03578583356312,2,56.0,10,37.21052631578947,boston,399
642,42.37035975999979,-71.03577338999929,3,55.850515463917525,10,31.237113402061855,boston,388
643,42.3702496207363,-71.03560018048859,0,4.086206896551724,11,26.29310344827586,boston,58
644,42.370370060000084,-71.03576011000035,2,3.4339622641509435,11,38.514150943396224,boston,424
645,42.37036418171626,-71.03578114940294,3,3.411378555798687,11,34.26039387308534,boston,457
646,42.37026368999983,-71.03561964999982,0,15.417085427135678,11,32.37688442211055,boston,199
647,42.37037006000085,-71.03576010999885,2,14.55919395465995,11,35.91571410579344,boston,794
648,42.3704327924213,-71.03591049956222,3,15.168057210965435,11,34.727056019070325,boston,839
649,42.37027184910531,-71.03562701501896,0,30.960251046025103,11,37.18200836820084,boston,478
650,42.370370060000816,-71.03576010999895,2,29.97244094488189,11,32.11154855643045,boston,762
651,42.37039643111364,-71.03581196328756,3,30.08354114713217,11,33.96231047381545,boston,802
652,42.370289880000186,-71.0356432800009,0,44.21086261980831,11,36.031948881789134,boston,626
653,42.370366708383656,-71.0357321656012,2,44.065527065527064,11,27.33048433048433,boston,351
654,42.37033307000031,-71.03565951000053,3,45.032596041909194,11,35.03891152502909,boston,859
655,42.37028988000017,-71.03564327999995,0,56.2434554973822,11,41.845549738219894,boston,382
656,42.37036503000007,-71.03571815999976,2,55.916666666666664,11,27.24537037037037,boston,216
657,42.37033306999965,-71.03565950999966,3,55.858934169278996,11,35.08047021943574,boston,319
658,42.37028987999998,-71.03564327999996,0,0.66,12,44.62780000000001,boston,50
659,42.370365029999874,-71.03571816000012,2,4.044303797468355,12,35.02215189873418,boston,316
660,42.37036503000057,-71.03571815999915,2,15.155067155067155,12,44.562881562881564,boston,819
661,42.37035847260118,-71.03570260826191,2,29.855054811205846,12,40.45688794153471,boston,821
662,42.37034942999952,-71.03568115000078,2,45.006984866123396,12,42.139930151338774,boston,859
663,42.37034943000027,-71.03568114999962,2,56.270270270270274,12,48.93221351351352,boston,370
664,42.37034943,-71.03568115,2,0.0,13,59.70333333333334,boston,3
665,42.370094802841024,-71.03522693642888,3,2.4132231404958677,3,29.90082644628099,boston,121
666,42.37031002997764,-71.03531288388068,3,32.53564154786151,3,35.32790224032586,boston,491
667,42.37033511747258,-71.03530277044631,2,3.0,4,49.18518518518518,boston,27
668,42.36989465355597,-71.03542344865477,2,37.0,6,29.428571428571427,boston,7
669,42.36993684937245,-71.03543609331555,2,38.32,6,27.26,boston,50
670,42.37031182632664,-71.03541020183923,2,44.93055555555556,7,26.13888888888889,boston,144
671,42.370316169999825,-71.03543257999992,2,56.50581395348837,7,24.49418604651163,boston,172
672,42.37031616999991,-71.03543257999992,2,2.952755905511811,8,28.299212598425196,boston,127
673,42.370333521702655,-71.03545241456882,2,12.719745222929935,8,25.605095541401273,boston,157
674,42.37028639679325,-71.03547257774362,2,28.99078341013825,8,24.967165898617512,boston,217
675,42.370285450000175,-71.03548688999972,2,44.215753424657535,8,24.147260273972602,boston,292
676,42.37028544999999,-71.03548689000003,2,55.726618705035975,8,23.618705035971225,boston,139
677,42.37028544999999,-71.03548688999999,2,0.3684210526315789,9,25.05263157894737,boston,19
678,42.37031628012732,-71.03528707848334,2,29.22340425531915,9,23.654255319148938,boston,188
679,42.37018295487837,-71.0354200240085,3,46.027818448023424,9,28.907759882869694,boston,683
680,42.37020049000009,-71.03545537000022,3,55.75627240143369,9,26.915580645161292,boston,279
681,42.37020049000016,-71.03545537000043,3,4.147692307692307,10,27.852307692307694,boston,325
682,42.37018532763252,-71.03540968508543,2,16.63912310286678,10,31.688026981450253,boston,593
683,42.37020716684445,-71.03548133583134,3,12.58300395256917,10,30.07707509881423,boston,506
684,42.37007267167041,-71.0352151747637,0,31.163636363636364,10,34.10909090909091,boston,55
685,42.37021468179536,-71.03541856789316,2,23.6,10,24.88888888888889,boston,90
686,42.37017341,-71.03549616000001,0,40.65,10,30.45,boston,20
687,42.37082399999992,-71.03946100000014,3,31.464285714285715,2,26.434357142857152,boston,140
688,42.371225,-71.039142,4,10.0,6,32.95,boston,1
689,42.37077425900584,-71.03620096001369,0,59.0,2,48.333333333333336,boston,21
690,42.37059949178268,-71.0359945138122,0,1.2755102040816326,3,32.714285714285715,boston,98
691,42.37057684351615,-71.03598200843213,3,5.336538461538462,3,29.879807692307693,boston,208
692,42.370534040423415,-71.03590465054067,3,9.435483870967742,3,31.741935483870968,boston,186
693,42.3706057455025,-71.03582563097659,2,28.88235294117647,9,22.470588235294116,boston,17
694,42.3722269999999,-71.03833499999998,3,26.607142857142858,2,29.346428571428557,boston,140
695,42.373639000000004,-71.04014300000003,0,31.46938775510204,15,58.47751020408164,boston,245
696,42.37377800000003,-71.03710099999992,4,6.125,6,31.807250000000003,boston,80
697,42.373778000000016,-71.03710099999992,4,8.714285714285714,6,31.40642857142857,boston,70
698,42.377362999999875,-71.03461199999997,2,4.3375,3,33.999312499999995,boston,160
699,42.37736299999971,-71.03461199999967,2,14.80440097799511,3,23.9897555012225,boston,409
700,42.37731758935387,-71.03456590874553,5,18.106463878326995,3,26.085475285171114,boston,263
701,42.37736299999971,-71.03461199999967,2,29.980099502487562,3,24.248905472636807,boston,402
702,42.37735699999994,-71.03452499999936,5,30.113636363636363,3,24.383363636363615,boston,440
703,42.377361019999896,-71.03461122,2,40.0,3,23.90113333333333,boston,150
704,42.377356999999776,-71.0345249999994,5,43.858695652173914,3,26.923559782608713,boston,368
705,42.37716238709666,-71.03451570967734,3,17.419354838709676,4,26.709354838709682,boston,155
706,42.377095000000004,-71.034503,4,20.0,6,62.18,boston,1
707,42.37705400000003,-71.03433899999992,0,21.535714285714285,1,31.616607142857152,boston,56
708,42.377054,-71.03433900000002,0,23.0,1,25.376,boston,15
709,42.377132999999965,-71.03434500000002,4,33.1869918699187,2,27.204349593495937,boston,246
710,42.37709061803686,-71.03437029708294,3,45.54907161803713,2,25.06018567639256,boston,377
711,42.37713300000018,-71.03434500000002,4,44.86363636363637,2,24.42790909090909,boston,440
712,42.37723400000002,-71.03436300000004,2,58.729729729729726,2,37.82297297297297,boston,37
713,42.377258890476156,-71.03441675238093,3,56.0,2,26.089523809523815,boston,210
714,42.377132999999965,-71.03434500000002,4,56.0,2,24.150047619047633,boston,210
715,42.37723386792455,-71.03436307547179,2,0.4339622641509434,3,50.476792452830196,boston,53
716,42.3772900729615,-71.03443018884155,3,3.5450643776824036,3,25.680300429184534,boston,233
717,42.377132999999965,-71.03434500000002,4,3.5,3,24.283708333333344,boston,240
718,42.377312334111906,-71.03437999299089,3,15.07943925233645,3,25.681892523364496,boston,428
719,42.377202115909334,-71.03433795454546,4,15.159090909090908,3,25.537931818181804,boston,440
720,42.37722812765952,-71.03436522458694,3,30.05673758865248,3,28.311418439716306,boston,423
721,42.377229999999834,-71.03433299999966,4,30.113636363636363,3,27.187272727272738,boston,440
722,42.37718500371761,-71.03441417843896,2,47.34944237918216,3,24.422453531598546,boston,269
723,42.37717888292706,-71.03434148048761,3,45.082926829268295,3,27.128707317073157,boston,410
724,42.377229999999834,-71.03433299999966,4,45.06818181818182,3,27.700954545454582,boston,440
725,42.377170000000056,-71.03441899999996,5,51.25,3,34.0698611111111,boston,72
726,42.37719900000001,-71.03443200000004,6,50.774647887323944,3,29.250985915492954,boston,71
727,42.37719357142862,-71.03439504761921,2,56.0,3,24.380428571428578,boston,210
728,42.37727167512705,-71.03438668527929,3,56.0,3,30.580913705583754,boston,197
729,42.37723000000005,-71.03433299999973,4,55.85,3,26.405600000000003,boston,200
730,42.377231904999896,-71.03440137999986,5,55.85,3,25.911749999999998,boston,200
731,42.37721400000007,-71.034361,2,3.6666666666666665,4,26.373589743589736,boston,195
732,42.37720589473687,-71.03437697368395,3,3.5789473684210527,4,31.540307017543856,boston,228
733,42.37723000000005,-71.0343329999997,4,3.5,4,25.77041666666666,boston,240
734,42.37728799999983,-71.03438599999973,5,3.5,4,26.62629166666667,boston,240
735,42.37721400000009,-71.03436100000081,2,15.05952380952381,4,34.63457142857143,boston,420
736,42.37717295880151,-71.0343742846441,3,13.677902621722847,4,29.61355805243446,boston,267
737,42.37712596590899,-71.03442042499978,4,14.977272727272727,4,28.610931818181818,boston,440
738,42.37727649999982,-71.03435449999962,5,14.977272727272727,4,28.585750000000004,boston,440
739,42.37721400000009,-71.03436100000081,2,30.244655581947743,4,32.849572446555804,boston,421
740,42.37709527314795,-71.03438239351885,3,30.09722222222222,4,28.502824074074063,boston,432
741,42.37719183636325,-71.03438101818176,4,29.931818181818183,4,29.835022727272694,boston,440
742,42.37721429090876,-71.03426659090881,5,29.931818181818183,4,28.971999999999987,boston,440
743,42.37721831428588,-71.03435452857184,2,45.338095238095235,4,29.377119047619054,boston,420
744,42.37710428087162,-71.0343956101689,3,45.32203389830509,4,28.541065375302686,boston,413
745,42.377208863636184,-71.03436259090974,4,44.88636363636363,4,28.19056818181821,boston,440
746,42.377197000000045,-71.03424699999965,5,44.88636363636363,4,37.647409090909036,boston,440
747,42.377227119565354,-71.03435010869578,2,55.858695652173914,4,28.992934782608703,boston,184
748,42.37715884158414,-71.03442848514835,3,56.07920792079208,4,27.995148514851504,boston,202
749,42.37716400000009,-71.03438699999981,4,56.0,4,27.648857142857143,boston,210
750,42.37720269523802,-71.03430351428544,5,56.0,4,40.881380952380965,boston,210
751,42.37726331034476,-71.03434558620701,2,3.4482758620689653,5,30.284396551724143,boston,232
752,42.37717630500013,-71.03440868999975,3,3.22,5,29.993400000000005,boston,200
753,42.377101417391216,-71.03436666521758,4,3.347826086956522,5,29.18573913043479,boston,230
754,42.37720999999998,-71.03437599999972,5,3.347826086956522,5,41.22391304347826,boston,230
755,42.377271999999934,-71.03434600000031,2,14.908872901678658,5,31.89002398081536,boston,417
756,42.37721810983976,-71.03438428375286,3,14.837528604118994,5,32.772951945080095,boston,437
757,42.377205040000185,-71.0343929177772,4,15.0,5,29.967933333333356,boston,450
758,42.37721,-71.03437599999967,5,15.0,5,31.14775555555554,boston,450
759,42.37727200000002,-71.03434600000031,2,30.0,5,32.93861363636365,boston,440
760,42.37723220047739,-71.03437277326975,3,29.96420047732697,5,31.14408114558474,boston,419
761,42.377193345454614,-71.03440461136312,4,30.136363636363637,5,34.43902272727273,boston,440
762,42.37719985909102,-71.03429707727265,5,30.136363636363637,5,30.428272727272702,boston,440
763,42.37727199999991,-71.03434600000031,2,44.715328467153284,5,38.71274939172749,boston,411
764,42.37718078281662,-71.03438590453474,3,44.914081145584724,5,31.968281622911704,boston,419
765,42.37716633863606,-71.0343721727271,4,45.09090909090909,5,32.823227272727266,boston,440
766,42.37718699999983,-71.03419700000062,5,45.09090909090909,5,31.4028409090909,boston,440
767,42.377271999999884,-71.03434600000024,2,56.0,5,25.90942857142856,boston,210
768,42.37714820388341,-71.03439714563092,3,55.980582524271846,5,60.32262135922334,boston,206
769,42.37718599999988,-71.03437499999977,4,55.9,5,27.30245000000001,boston,200
770,42.37718700000004,-71.03419700000035,5,55.9,5,29.75975000000001,boston,200
771,42.37725683681989,-71.03436748117157,2,3.502092050209205,6,49.33753138075315,boston,239
772,42.377144165094485,-71.03439616037765,3,3.4339622641509435,6,60.37287735849059,boston,212
773,42.377185999999924,-71.03437593749975,4,2.1875,6,31.694312499999995,boston,160
774,42.377174400000044,-71.03420270000042,5,3.5,6,34.75562500000001,boston,240
775,42.377113,-71.034368,0,16.0,6,37.855000000000004,boston,2
776,42.377249061757766,-71.03439078384828,2,15.344418052256533,6,42.13743467933491,boston,421
777,42.37715127837839,-71.0343824000005,3,13.87027027027027,6,34.49521621621623,boston,370
778,42.37718216847828,-71.03440572282564,4,16.195652173913043,6,29.04274456521738,boston,368
779,42.37710300000012,-71.03423499999941,5,15.0,6,35.86518181818184,boston,440
780,42.37722700000028,-71.03436800000028,2,27.832786885245902,6,58.22878688524589,boston,305
781,42.3772812305934,-71.03445014383526,4,29.945205479452056,6,36.30289954337902,boston,438
782,42.37710300000012,-71.03423499999941,5,29.954545454545453,6,34.90070454545453,boston,440
783,42.377271,-71.034467,4,38.0,6,55.626666666666665,boston,9
784,42.37724072727278,-71.03421388181765,5,44.90909090909091,6,34.773409090909084,boston,440
785,42.377252999999925,-71.0342120000001,5,56.0,6,35.086857142857134,boston,210
786,42.377240113043456,-71.03423909565235,5,3.391304347826087,7,34.364608695652166,boston,230
787,42.37721400000009,-71.03429400000026,5,15.0,7,29.56173333333337,boston,450
788,42.37721400000009,-71.03429400000023,5,30.15909090909091,7,29.663454545454535,boston,440
789,42.37721400000009,-71.03429400000023,5,45.11363636363637,7,28.614250000000002,boston,440
790,42.37721400000007,-71.03429399999965,5,55.95,7,30.488450000000007,boston,200
791,42.37728100833341,-71.03427894999966,5,3.5,8,27.613874999999993,boston,240
792,42.377401000000035,-71.03425200000052,5,15.022727272727273,8,38.621545454545476,boston,440
793,42.37731946823529,-71.03426335058872,5,29.941176470588236,8,29.337364705882347,boston,425
794,42.37716365853659,-71.03428404878053,5,38.26829268292683,8,37.3209756097561,boston,41
795,42.37737399999998,-71.034318,6,18.914285714285715,12,72.01714285714287,boston,35
796,42.37856818163237,-71.10205066591234,1,1.0,3,41.75566666666666,summerville,3
797,42.38649637,-71.10844683,3,33.0,0,23.348000000000003,summerville,1
798,42.386589510874444,-71.10847736149535,5,16.03448275862069,0,31.622758620689652,summerville,29
799,42.386517037212016,-71.10843717120252,3,33.0,0,29.96186666666666,summerville,15
800,42.38707981420916,-71.10670497268538,3,33.0,0,33.698,summerville,1
801,42.38717438,-71.10588161,3,7.0,0,66.113,summerville,1
802,42.388056236019324,-71.10336198641143,3,7.0,0,66.4703076923077,summerville,13
803,42.388172268061425,-71.10315700679608,3,15.578125,0,65.60252343750003,summerville,128
804,42.38817667,-71.10318927,3,33.0,0,27.799,summerville,1
805,42.389382925000056,-71.0350401124999,4,0.85,8,63.37212499999998,chelsea,80
806,42.39249795,-71.11831089,1,50.0,2,31.305,summerville,1
807,42.39223479013766,-71.11825264868277,0,57.8,2,38.6,summerville,10
808,42.39273613727007,-71.11854564436493,6,58.32,1,37.2,summerville,25
809,42.39273491227747,-71.11854354973514,6,2.875,2,32.0854140625,summerville,128
810,42.39271298842386,-71.11851667116687,6,10.632183908045977,2,31.839080459770116,summerville,87
811,42.39271297999996,-71.11851665999998,6,33.94285714285714,2,38.58240000000001,summerville,35
812,42.392760326962,-71.11868054216914,2,3.1475409836065573,3,37.52459016393443,summerville,61
813,42.39273303198342,-71.11866202832498,3,5.536363636363636,3,34.415854545454536,summerville,110
814,42.39272770069393,-71.11852093020278,5,4.355769230769231,3,35.08983653846154,summerville,104
815,42.392617001226064,-71.11850026782355,0,20.0,3,28.5,summerville,2
816,42.39268397146345,-71.11858752560974,2,16.853658536585368,3,34.048780487804876,summerville,41
817,42.39271562118842,-71.11862542607311,3,12.43859649122807,3,33.9709649122807,summerville,57
818,42.39269685495748,-71.11851487553717,5,19.45,3,32.65,summerville,20
819,42.39266983000009,-71.11857935000002,2,28.0,3,35.31818181818182,summerville,132
820,42.39271327,-71.11859978,3,29.625,3,26.984875,summerville,8
821,42.39269683000014,-71.11851487000008,5,33.506024096385545,3,36.234939759036145,summerville,166
822,42.39266821694227,-71.11856066501176,2,40.925925925925924,3,32.74074074074074,summerville,27
823,42.39269937999999,-71.11856145,3,46.05263157894737,3,26.065842105263158,summerville,19
824,42.392696830000126,-71.11851486999998,5,41.60431654676259,3,33.50359712230216,summerville,139
825,42.39266619,-71.11853707,2,57.0,3,26.0,summerville,2
826,42.39269938,-71.11856145,3,56.5,3,34.25,summerville,4
827,42.392696829999984,-71.11851486999997,5,55.458333333333336,3,38.833333333333336,summerville,24
828,42.39266619,-71.11853707,2,4.0,4,24.066666666666666,summerville,15
829,42.39269938,-71.11856145,3,3.0,4,27.0,summerville,1
830,42.39269683000004,-71.11851486999998,5,2.272727272727273,4,37.18181818181818,summerville,66
831,42.39266619,-71.11853707,2,22.0,4,24.0,summerville,1
832,42.392699379999996,-71.11856145,3,11.529411764705882,4,23.074764705882355,summerville,17
833,42.39266665,-71.11850256000001,5,10.333333333333334,4,43.5,summerville,6
834,42.39266619,-71.11853707,2,31.0,4,25.5,summerville,2
835,42.39268527,-71.11852343,3,27.0,4,26.5,summerville,2
836,42.39266665,-71.11850256000001,5,29.285714285714285,4,25.571428571428573,summerville,7
837,42.39266619,-71.11853707,2,48.8,4,23.5,summerville,10
838,42.39266665,-71.11850256,5,41.0,4,26.0,summerville,1
839,42.39266619,-71.11853707,2,55.5,4,24.25,summerville,4
840,42.39268527,-71.11852343,3,57.0,4,29.0,summerville,1
841,42.39266619,-71.11853707,2,0.0,5,21.0,summerville,1
842,42.39268527,-71.11852343,3,3.5,5,33.05975,summerville,4
843,42.39266619,-71.11853707,2,14.714285714285714,5,26.428571428571427,summerville,7
844,42.39268527000001,-71.11852343,3,13.0,5,27.277833333333334,summerville,6
845,42.392666650000045,-71.11850255999985,5,14.089108910891088,5,32.02970297029703,summerville,101
846,42.39266619,-71.11853707,2,28.307692307692307,5,22.615384615384617,summerville,13
847,42.39268527000001,-71.11852343,3,29.333333333333332,5,27.589166666666667,summerville,6
848,42.39266665,-71.11850256000001,5,36.03703703703704,5,26.703703703703702,summerville,27
849,42.39266619,-71.11853707,2,2.0,6,24.5,summerville,4
850,42.39266665,-71.11850256,5,5.0,6,25.5,summerville,2
851,42.39266665000001,-71.11850256000001,5,15.363636363636363,6,26.956454545454548,summerville,11
852,42.39266665,-71.11850256,5,34.0,6,30.2,summerville,5
853,42.39262306318156,-71.1184193388972,1,50.96551724137931,2,36.28465517241379,summerville,29
854,42.39271153213876,-71.1184959690787,0,58.56521739130435,2,40.47826086956522,summerville,46
855,42.392641076046,-71.11846897867409,1,54.63636363636363,2,37.029090909090904,summerville,11
856,42.39270364773261,-71.11849703689514,0,1.8867924528301887,3,35.0,summerville,53
857,42.39264164,-71.11846904,1,3.75,3,25.651,summerville,4
858,42.39268264582827,-71.11843314902032,5,0.0,3,42.916666666666664,summerville,12
859,42.39265037272516,-71.11846965258484,0,17.338709677419356,3,34.88709677419355,summerville,62
860,42.392641639999994,-71.11846904000001,1,16.166666666666668,3,23.30138888888889,summerville,18
861,42.39259947999998,-71.11838298000009,0,23.78181818181818,3,34.32727272727273,summerville,55
862,42.39264164,-71.11846904,1,24.0,3,22.31,summerville,1
863,42.39261717,-71.11841832,0,43.8,3,24.4,summerville,5
864,42.39264164,-71.11846904,1,38.0,3,23.78,summerville,4
865,42.39264164000001,-71.11846904000001,1,58.18181818181818,3,34.90909090909091,summerville,11
866,42.39261717,-71.11841832000002,0,3.3333333333333335,4,27.266666666666666,summerville,15
867,42.39264164,-71.11846904,1,1.0,4,41.776,summerville,1
868,42.392619412,-71.118426284,0,11.8,4,28.4,summerville,5
869,42.39264164,-71.11846904,1,9.0,4,21.0,summerville,1
870,42.39262838,-71.11845814,0,28.0,4,22.5,summerville,4
871,42.39264164000001,-71.11846904000001,1,30.1,4,23.3,summerville,10
872,42.392628380000005,-71.11845814000002,0,46.23076923076923,4,23.307692307692307,summerville,13
873,42.39262838,-71.11845814,0,53.0,4,29.5,summerville,2
874,42.39264164,-71.11846904,1,4.0,5,38.0,summerville,2
875,42.392628379999984,-71.11845814,0,12.242424242424242,5,37.39393939393939,summerville,33
876,42.39264164,-71.11846904,1,15.857142857142858,5,31.285714285714285,summerville,7
877,42.39262838,-71.11845814,0,31.0,5,31.4,summerville,5
878,42.39264164,-71.11846904000001,1,29.75,5,25.5,summerville,16
879,42.392628380000005,-71.11845814000002,0,43.0,5,30.421454545454548,summerville,11
880,42.39264164000001,-71.11846904000001,1,40.5,5,29.5,summerville,12
881,42.39266378,-71.11849234,3,50.0,5,39.0,summerville,1
882,42.392628380000005,-71.11845814000002,0,55.90909090909091,5,31.545454545454547,summerville,11
883,42.39264164,-71.11846904,1,55.142857142857146,5,22.714285714285715,summerville,7
884,42.39264164,-71.11846904,1,6.142857142857143,6,37.42857142857143,summerville,7
885,42.39262838,-71.11845814000002,0,12.857142857142858,6,44.026999999999994,summerville,7
886,42.39264406846154,-71.11846811384616,1,15.923076923076923,6,29.153846153846153,summerville,13
887,42.39266378,-71.11849234,3,11.0,6,37.0,summerville,1
888,42.39262838,-71.11845814,0,35.333333333333336,6,29.333333333333332,summerville,3
889,42.39266734,-71.11849025,2,35.5,6,37.5,summerville,2
890,42.39266378000001,-71.11849234,3,32.416666666666664,6,29.477666666666664,summerville,12
891,42.39262838,-71.11845814,0,41.5,6,32.5,summerville,2
892,42.39266734,-71.11849025,2,43.333333333333336,6,27.444444444444443,summerville,9
893,42.39269111,-71.1184692,5,47.6,6,26.2,summerville,5
894,42.39267321,-71.11845699999999,1,59.0,6,20.5,summerville,2
895,42.39269111,-71.1184692,5,59.0,6,35.6,summerville,5
896,42.39262838,-71.11845814,0,7.0,7,39.0,summerville,1
897,42.39267321,-71.11845699999999,1,1.0,7,22.0,summerville,2
898,42.392691109999994,-71.1184692,5,4.333333333333333,7,33.5,summerville,6
899,42.39262838,-71.11845814,0,22.0,7,32.333333333333336,summerville,3
900,42.39267321,-71.11845699999999,1,8.0,7,24.0,summerville,1
901,42.39266734,-71.11849025,2,15.0,7,31.0,summerville,3
902,42.39266378,-71.11849234,3,10.0,7,35.0,summerville,3
903,42.392691109999994,-71.11846920000005,5,12.954545454545455,7,37.034181818181814,summerville,44
904,42.39262838,-71.11845814,0,33.0,7,31.0,summerville,1
905,42.39266378,-71.11849234,3,25.0,7,26.0,summerville,1
906,42.39269111,-71.1184692,5,25.5,7,24.0,summerville,2
907,42.392628380000005,-71.11845814000002,0,44.05555555555556,7,34.0,summerville,18
908,42.39267321,-71.118457,1,45.07692307692308,7,26.615384615384617,summerville,13
909,42.39266734,-71.11849025000001,2,44.25,7,32.5,summerville,12
910,42.39266378,-71.11849234,3,40.0,7,38.0,summerville,4
911,42.39262838,-71.11845814,0,57.0,7,28.0,summerville,2
912,42.39267321,-71.11845699999999,1,55.5,7,20.875,summerville,8
913,42.39266378,-71.11849234,3,55.0,7,29.5,summerville,6
914,42.39269111,-71.1184692,5,54.0,7,27.333333333333332,summerville,3
915,42.39262838,-71.11845814,0,6.0,8,22.5,summerville,2
916,42.39267321,-71.11845699999999,1,6.111111111111111,8,21.11111111111111,summerville,9
917,42.39269111,-71.1184692,5,3.0,8,32.0,summerville,1
918,42.39262838,-71.11845814,0,17.333333333333332,8,23.0,summerville,3
919,42.39267321,-71.118457,1,10.277777777777779,8,23.22222222222222,summerville,18
920,42.39266734,-71.11849025,2,12.0,8,28.0,summerville,2
921,42.39269111,-71.1184692,5,19.25,8,24.0,summerville,4
922,42.392628380000005,-71.11845814000002,0,33.294117647058826,8,29.764705882352942,summerville,17
923,42.39266734,-71.11849025,2,27.4,8,32.2,summerville,5
924,42.39266378,-71.11849234,3,28.8,8,36.0,summerville,5
925,42.39269111,-71.1184692,5,30.0,8,27.5,summerville,2
926,42.39262838000002,-71.11845813999999,0,48.171052631578945,8,26.19736842105263,summerville,76
927,42.39267321,-71.11845699999999,1,40.0,8,33.5,summerville,2
928,42.39266734,-71.11849025,2,47.888888888888886,8,33.888888888888886,summerville,9
929,42.39266378,-71.11849234,3,44.2,8,34.0472,summerville,5
930,42.3926596,-71.11846933000001,5,46.6,8,36.1,summerville,10
931,42.392628380000055,-71.11845814000007,0,56.55555555555556,8,29.299145299145298,summerville,117
932,42.39267321,-71.11845699999999,1,58.0,8,29.0,summerville,1
933,42.39266734,-71.11849025000001,2,54.857142857142854,8,29.0,summerville,14
934,42.39266378,-71.11849234,3,54.0,8,25.0,summerville,1
935,42.3926596,-71.11846933,5,54.0,8,34.5,summerville,2
936,42.392628380000005,-71.11845814000002,0,0.8571428571428571,9,25.928571428571427,summerville,14
937,42.39267321,-71.11845699999999,1,6.5,9,28.5,summerville,2
938,42.39266378,-71.11849234,3,0.0,9,28.0,summerville,1
939,42.39262837999998,-71.11845813999999,0,12.911764705882353,9,26.323529411764707,summerville,34
940,42.39267321,-71.11845699999999,1,17.5,9,29.0,summerville,2
941,42.39266734,-71.11849025,2,17.0,9,25.0,summerville,1
942,42.39266378,-71.11849234,3,13.0,9,34.5226,summerville,5
943,42.3926596,-71.11846933,5,10.0,9,25.0,summerville,1
944,42.39267321,-71.11845699999999,1,29.0,9,25.25,summerville,4
945,42.39263668,-71.1184804,2,31.857142857142858,9,30.714285714285715,summerville,7
946,42.39266378,-71.11849234,3,33.5,9,31.39033333333333,summerville,6
947,42.3926596,-71.11846933,5,30.0,9,40.0,summerville,2
948,42.39262838,-71.11845814000002,0,49.888888888888886,9,31.333333333333332,summerville,9
949,42.39267321,-71.11845699999999,1,40.0,9,32.5,summerville,2
950,42.39263668,-71.1184804,2,44.4,9,28.2,summerville,5
951,42.39266378,-71.11849234,3,50.375,9,30.0,summerville,8
952,42.3926596,-71.11846933,5,47.666666666666664,9,25.666666666666668,summerville,3
953,42.39262838,-71.11845814000002,0,56.0,9,26.125,summerville,8
954,42.392642280000004,-71.11846525,1,53.083333333333336,9,31.583333333333332,summerville,12
955,42.39263668,-71.1184804,2,54.0,9,43.0,summerville,1
956,42.3926596,-71.11846933,5,53.0,9,33.0,summerville,2
957,42.39262837999998,-71.11845813999997,0,1.2702702702702702,10,29.756756756756758,summerville,37
958,42.39264228,-71.11846525,1,5.0,10,35.0,summerville,1
959,42.3926596,-71.11846933,5,2.857142857142857,10,33.42857142857143,summerville,7
960,42.39264228,-71.11846525,1,10.0,10,21.666666666666668,summerville,3
961,42.39263668,-71.1184804,2,16.0,10,27.2,summerville,5
962,42.39266378,-71.11849234,3,18.0,10,23.0,summerville,1
963,42.3926596,-71.11846933,5,19.5,10,23.0,summerville,2
964,42.39262838,-71.11845814,0,24.0,10,29.0,summerville,1
965,42.39264228,-71.11846525,1,27.0,10,27.0,summerville,3
966,42.39263668,-71.1184804,2,37.0,10,27.0,summerville,4
967,42.39266378,-71.11849234,3,23.0,10,20.0,summerville,1
968,42.3926596,-71.11846933,5,29.047619047619047,10,31.285714285714285,summerville,21
969,42.392628380000005,-71.11845814000002,0,48.5,10,31.7,summerville,10
970,42.392642280000004,-71.11846525,1,44.46153846153846,10,36.30769230769231,summerville,13
971,42.39263668,-71.1184804,2,47.285714285714285,10,28.857142857142858,summerville,7
972,42.39266378000001,-71.11849234,3,41.875,10,36.5,summerville,16
973,42.39262838,-71.11845814,0,53.0,10,34.4,summerville,5
974,42.39264228,-71.11846525,1,56.0,10,22.0,summerville,1
975,42.39263668,-71.1184804,2,55.25,10,30.875,summerville,8
976,42.39266378,-71.11849234,3,57.333333333333336,10,28.166666666666668,summerville,6
977,42.3926596,-71.11846933,5,56.333333333333336,10,28.712333333333333,summerville,3
978,42.39262837999997,-71.11845813999997,0,5.447368421052632,11,35.473684210526315,summerville,38
979,42.39264228000001,-71.11846525000004,1,2.7857142857142856,11,32.32142857142857,summerville,28
980,42.39263667999996,-71.11848039999997,2,5.1395348837209305,11,34.02325581395349,summerville,43
981,42.392663780000014,-71.11849234,3,4.926470588235294,11,35.06907352941177,summerville,68
982,42.392628380000005,-71.11845814000002,0,11.807692307692308,11,31.73076923076923,summerville,26
983,42.39264228000001,-71.11846524999996,1,15.860759493670885,11,35.89873417721519,summerville,79
984,42.39263668000002,-71.11848040000007,2,15.407894736842104,11,34.81578947368421,summerville,76
985,42.392663780000014,-71.11849234000006,3,10.619047619047619,11,31.829166666666662,summerville,42
986,42.39268565999999,-71.11849323,5,17.2,11,30.333333333333332,summerville,15
987,42.392628380000055,-71.11845814000009,0,31.156521739130437,11,30.26153043478261,summerville,115
988,42.39264227999983,-71.1184652499998,1,31.742331288343557,11,29.116564417177916,summerville,163
989,42.39263668000001,-71.11848040000005,2,33.833333333333336,11,28.75,summerville,72
990,42.392663780000014,-71.11849234000007,3,29.767857142857142,11,28.347607142857136,summerville,56
991,42.39268566000006,-71.11849322999996,5,30.802816901408452,11,36.4926338028169,summerville,71
992,42.39262837999998,-71.11845813999973,0,45.699551569506724,11,35.502242152466366,summerville,223
993,42.39264227999975,-71.11846524999977,1,47.69827586206897,11,37.254547413793105,summerville,232
994,42.39263668000001,-71.11848040000017,2,45.77669902912621,11,31.203883495145632,summerville,103
995,42.392663779999715,-71.11849233999973,3,48.66550522648084,11,37.92151219512194,summerville,287
996,42.39268566000005,-71.1184932299999,5,42.24561403508772,11,27.666666666666668,summerville,57
997,42.39262838000003,-71.11845814000002,0,56.588235294117645,11,35.353658823529415,summerville,85
998,42.39264228,-71.11846525,1,53.0,11,43.26599999999999,summerville,8
999,42.392636679999924,-71.1184804000003,2,56.26046511627907,11,39.89302325581395,summerville,215
1000,42.39266378000001,-71.11849233999989,3,55.81818181818182,11,33.477585858585854,summerville,99
1001,42.39268565999999,-71.11849323,5,54.0,11,25.09090909090909,summerville,11
1002,42.39262838000006,-71.11845814000002,0,3.062015503875969,12,29.06201550387597,summerville,129
1003,42.39263668,-71.11848040000017,2,0.9626168224299065,12,44.62498130841121,summerville,107
1004,42.392663780000014,-71.11849234,3,2.536231884057971,12,32.84795652173913,summerville,69
1005,42.39268565999999,-71.11849323,5,4.45,12,37.4028,summerville,20
1006,42.392628380000005,-71.11845814000002,0,8.952380952380953,12,37.426857142857145,summerville,21
1007,42.392663780000014,-71.11849234000002,3,10.26865671641791,12,34.81753731343284,summerville,67
1008,42.4004222155172,-71.1281795862068,3,56.189655172413794,21,48.364051724137944,summerville,116
1009,42.3999477257725,-71.1175727661255,1,2.111111111111111,3,22.657370370370373,summerville,27
1010,42.39989922080187,-71.11768749712287,3,18.637931034482758,3,31.35001724137931,summerville,290
1011,42.399871152222225,-71.11761690111112,3,27.444444444444443,3,21.424,summerville,9
1012,42.39986911000005,-71.11760785000001,3,43.93181818181818,3,22.463113636363637,summerville,88
1013,42.39986911,-71.11760785,3,56.0,3,20.573,summerville,2
1014,42.39986911,-71.11760785,3,6.0,4,20.741,summerville,1
1015,42.399869110000026,-71.11760785,3,11.296296296296296,4,21.892666666666667,summerville,27
1016,42.39987002928571,-71.11756337142857,3,34.785714285714285,4,21.189999999999998,summerville,14
1017,42.39986070999999,-71.11750099999998,3,57.93333333333333,4,22.076999999999998,summerville,15
1018,42.399851639999994,-71.11754171999999,3,19.470588235294116,5,21.183000000000003,summerville,17
1019,42.399851639999994,-71.11754171999999,3,30.58823529411765,5,20.47635294117647,summerville,17
1020,42.39985164,-71.11754172,3,38.833333333333336,5,21.102833333333333,summerville,6
1021,42.39985164,-71.11754171999999,3,57.90909090909091,5,20.950090909090907,summerville,11
1022,42.39985164,-71.11754172,3,0.0,6,20.256,summerville,1
1023,42.39985164,-71.11754172,3,14.4,6,20.3886,summerville,5
1024,42.399851639999994,-71.11754171999999,3,29.533333333333335,6,23.047666666666668,summerville,15
1025,42.39985164,-71.11754172,3,46.0,6,20.3125,summerville,2
1026,42.39985164,-71.11754172,3,58.0,6,20.4495,summerville,4
1027,42.39985163999997,-71.11754172,3,21.741935483870968,7,22.18,summerville,31
1028,42.39985164,-71.11754172,3,30.25,7,20.951874999999998,summerville,8
1029,42.39985163999999,-71.11754171999999,3,45.77777777777778,7,21.04433333333333,summerville,18
1030,42.39985163999998,-71.11754171999998,3,58.08,7,20.960359999999994,summerville,25
1031,42.399851639999994,-71.11754171999999,3,2.2,8,20.466666666666665,summerville,15
1032,42.39977771085297,-71.11750672572315,1,17.727272727272727,8,20.565363636363635,summerville,11
1033,42.39985164,-71.11754172,3,16.833333333333332,8,20.629666666666665,summerville,6
1034,42.39985164,-71.11754172,3,43.0,8,21.331,summerville,2
1035,42.39985164,-71.11754172,3,55.0,8,20.7648,summerville,5
1036,42.39985164,-71.11754172,3,18.333333333333332,9,20.69644444444444,summerville,9
1037,42.39984636,-71.11762777,1,27.0,9,20.706,summerville,2
1038,42.39985164,-71.11754172,3,35.0,9,20.689333333333334,summerville,3
1039,42.39985164,-71.11754171999999,3,48.15384615384615,9,20.636384615384614,summerville,13
1040,42.39985163999999,-71.11754171999999,3,53.0,9,20.957,summerville,18
1041,42.39985164,-71.11754172,3,5.333333333333333,10,20.636,summerville,3
1042,42.39985164,-71.11754172,3,15.75,10,20.392250000000004,summerville,4
1043,42.39985163999997,-71.11754172,3,30.904411764705884,10,20.201227941176466,summerville,136
1044,42.399851639999966,-71.11754172000006,3,46.04255319148936,10,21.295574468085114,summerville,47
1045,42.39985164000007,-71.11754172000012,3,54.635416666666664,10,20.82661458333333,summerville,96
1046,42.39985164000003,-71.1175417200001,3,5.202898550724638,11,21.76323188405798,summerville,69
1047,42.399851639999916,-71.11754171999978,3,13.01522842639594,11,20.4013654822335,summerville,197
1048,42.399851639999945,-71.11754171999976,3,31.814634146341465,11,20.85583414634148,summerville,205
1049,42.3998456832869,-71.1175007939622,1,45.0,11,21.166800000000002,summerville,10
1050,42.399829127111076,-71.11756438444449,3,45.17777777777778,11,20.701933333333333,summerville,45
1051,42.39970077647571,-71.11752623439777,1,55.06578947368421,11,26.035328947368424,summerville,76
1052,42.39981895999998,-71.11757462000004,3,57.333333333333336,11,21.57368518518518,summerville,54
1053,42.39981895999997,-71.11757461999997,3,3.75,12,21.274571428571427,summerville,28
1054,42.39981896000001,-71.11757462000001,3,10.384615384615385,12,24.894892307692306,summerville,65
1055,42.39987874489717,-71.11746131626543,1,2.5,3,23.5976,summerville,10
1056,42.39983494,-71.11746213000002,1,12.833333333333334,3,20.492833333333333,summerville,6
1057,42.39976086969664,-71.11738218543697,3,15.0,3,37.58433333333333,summerville,3
1058,42.399816071616144,-71.11740074219288,1,25.166666666666668,3,21.537499999999998,summerville,6
1059,42.3998324092308,-71.11737530230768,1,41.53846153846154,3,21.158500000000004,summerville,26
1060,42.39987873999999,-71.11740452000002,1,15.181818181818182,4,20.77281818181818,summerville,22
1061,42.399878740000034,-71.11740452000002,1,29.705882352941178,4,21.404588235294117,summerville,51
1062,42.39987874,-71.11740452,1,43.0,4,20.317999999999998,summerville,1
1063,42.39983274215432,-71.11739194369507,1,55.2,4,20.498499999999996,summerville,10
1064,42.39979948857143,-71.11726770714286,1,20.428571428571427,5,20.952285714285715,summerville,7
1065,42.3998037,-71.11726997,1,28.0,5,20.20675,summerville,4
1066,42.39985227,-71.11731943999999,1,55.916666666666664,5,20.551916666666667,summerville,12
1067,42.3998595,-71.11736082,1,23.0,6,21.0615,summerville,2
1068,42.39982475,-71.11735856,1,42.111111111111114,6,20.301000000000002,summerville,9
1069,42.39984965,-71.11738499,1,54.0,6,20.226,summerville,1
1070,42.39984965,-71.11738499,1,5.0,7,20.748285714285714,summerville,7
1071,42.39982762703735,-71.1173516394965,1,16.36842105263158,7,20.734578947368423,summerville,19
1072,42.39988279375,-71.11738107499998,1,36.375,7,21.349125,summerville,8
1073,42.39988573,-71.11738466,1,51.0,7,21.623666666666665,summerville,3
1074,42.39990282615384,-71.11738359384614,1,57.15384615384615,7,20.774692307692305,summerville,13
1075,42.3998783,-71.11746427,1,5.666666666666667,9,20.813333333333333,summerville,3
1076,42.39979368000001,-71.11746808,1,3.142857142857143,10,21.121714285714287,summerville,7
1077,42.39982518,-71.11747012,1,18.0,10,20.531999999999996,summerville,1
1078,42.39985673,-71.11747186000001,1,32.76190476190476,10,22.167095238095236,summerville,21
1079,42.39985673,-71.11747186000001,1,45.38095238095238,10,20.68347619047619,summerville,21
1080,42.3998637388889,-71.11747163555556,1,57.44444444444444,10,21.885444444444445,summerville,9
1081,42.399888270000005,-71.11747085,1,5.428571428571429,11,20.420499999999997,summerville,14
1082,42.39988827000001,-71.11747084999999,1,11.121212121212121,11,21.761303030303026,summerville,33
1083,42.39984084926746,-71.11747883661141,1,30.2,11,21.08968888888889,summerville,45
1084,42.399870158974394,-71.11735476151188,1,46.19047619047619,11,20.879666666666665,summerville,21
1085,42.40060593750001,-71.12822775000001,3,52.0,21,45.998125,summerville,16
1086,42.4005536285714,-71.1282103714286,3,53.51428571428571,21,48.363428571428564,summerville,35
1087,42.40244115384615,-71.12319576923076,5,57.69230769230769,11,25.187692307692313,boston,13
1088,42.40245675,-71.1231618888889,5,14.333333333333334,12,28.977499999999996,boston,36
1089,42.402684,-71.12316700000001,0,19.0,6,23.63,boston,1
1090,42.40256679411765,-71.12320961764706,5,57.588235294117645,11,23.962352941176473,boston,34
1091,42.40255811111111,-71.1231377777778,5,16.333333333333332,12,27.62,boston,9
1092,42.402527000000006,-71.12327300000001,6,42.69230769230769,21,25.446923076923074,boston,13
