,airport_min_dist,bus_line_min_dist,bus_st_count_100,bus_st_count_1000,bus_st_count_150,bus_st_count_200,bus_st_count_25,bus_st_count_250,bus_st_count_300,bus_st_count_50,bus_st_count_500,bus_st_min_dist,fire_count_100,fire_count_1000,fire_count_150,fire_count_200,fire_count_25,fire_count_250,fire_count_300,fire_count_50,fire_count_500,fire_min_dist,fw_exit_count_100,fw_exit_count_1000,fw_exit_count_150,fw_exit_count_200,fw_exit_count_25,fw_exit_count_250,fw_exit_count_300,fw_exit_count_50,fw_exit_count_500,fw_exit_min_dist,hosp_count_100,hosp_count_1000,hosp_count_150,hosp_count_200,hosp_count_25,hosp_count_250,hosp_count_300,hosp_count_50,hosp_count_500,hosp_min_dist,lat,lm_acc_hwy_min_dist,lng,maj_rd_min_dist,min_rd_min_dist,mul_ln_hwy_min_dist,num_rt_hwy_min_dist,parkname,pol_count_100,pol_count_1000,pol_count_150,pol_count_200,pol_count_25,pol_count_250,pol_count_300,pol_count_50,pol_count_500,pol_min_dist,rests_bars_count_100,rests_bars_count_1000,rests_bars_count_150,rests_bars_count_200,rests_bars_count_25,rests_bars_count_250,rests_bars_count_300,rests_bars_count_50,rests_bars_count_500,rests_bars_min_dist,sbwy_line_min_dist,sbwy_st_count_100,sbwy_st_count_1000,sbwy_st_count_150,sbwy_st_count_200,sbwy_st_count_25,sbwy_st_count_250,sbwy_st_count_300,sbwy_st_count_50,sbwy_st_count_500,sbwy_st_min_dist,train_line_min_dist,train_st_count_100,train_st_count_1000,train_st_count_150,train_st_count_200,train_st_count_25,train_st_count_250,train_st_count_300,train_st_count_50,train_st_count_500,train_st_min_dist
0,5162.061028,5.111576768,1,61,2,2,0,3,6,1,17,33.30130843,0,3,0,0,0,0,0,0,1,457.734339,0,3,0,0,0,0,0,0,1,489.0554006,0,1,0,0,0,0,0,0,1,404.6224813,42.35201519,468.5788559,-71.06725246,22.09409332,24.21484629,56.20717136,5.111083964,Boston Public Garden,0,1,0,0,0,0,0,0,0,910.7974971,0,70,2,4,0,4,4,0,12,102.4323196,60.93016206,0,20,0,0,0,1,2,0,8,245.3029809,494.5497049,0,9,0,0,0,0,0,0,0,807.1368416
1,11860.88237,379.1718387,0,37,0,0,0,0,0,0,4,400.4716694,0,0,0,0,0,0,0,0,0,1354.589086,0,0,0,0,0,0,0,0,0,6008.131689,0,1,0,0,0,0,0,0,0,505.2513289,42.29988947,5593.600983,-71.12241628,379.1715538,5.260818323,470.7957913,1273.200344,Arnold Arboretum,0,0,0,0,0,0,0,0,0,1827.379228,0,6,0,0,0,0,0,0,0,549.9624372,685.2556581,0,1,0,0,0,0,0,0,0,685.2576529,474.1837029,0,3,0,0,0,0,0,0,0,638.1958252
2,4964.272576,176.1303574,0,56,0,1,0,2,4,0,11,180.9082328,0,3,0,0,0,0,0,0,0,608.8725874,0,1,0,0,0,0,0,0,0,881.9839615,0,4,0,0,0,0,0,0,0,661.6032209,42.35537264,616.7363289,-71.06575012,176.1302507,180.9080256,317.5614031,254.6256986,Boston Common,0,2,0,0,0,0,0,0,0,524.5371073,0,52,0,0,0,0,1,0,15,284.8958105,192.6774962,0,19,0,0,0,0,3,0,7,256.4878346,884.5314149,0,8,0,0,0,0,0,0,0,952.5745792
3,14288.40878,46.00449859,0,0,0,0,0,0,0,0,0,1006.851191,0,0,0,0,0,0,0,0,0,1410.215986,0,0,0,0,0,0,0,0,0,6735.125651,0,0,0,0,0,0,0,0,0,11805.41319,42.24804213,6707.72838,-70.92878684,1018.838854,928.9209668,2533.781877,1008.166965,Stodder's Neck,0,0,0,0,0,0,0,0,0,5615.225333,0,2,0,0,0,0,0,0,0,686.3586064,6167.77875,0,0,0,0,0,0,0,0,0,6358.291551,2160.967086,0,0,0,0,0,0,0,0,0,4287.828318
4,3753.065825,3.06330482,1,44,2,2,0,4,6,0,10,87.77885569,0,3,0,0,0,0,0,0,1,467.8091709,0,2,0,0,0,1,1,0,2,204.4607419,0,0,0,0,0,0,0,0,0,1208.455287,42.36165827,140.7342976,-71.05190849,3.063100286,4.064839404,196.5754094,167.5751761,Christopher Columbus Waterfront Park,0,2,0,0,0,0,0,0,0,695.0897788,0,81,2,2,0,5,12,0,55,136.5773253,233.2401375,0,7,0,0,0,1,1,0,2,237.8699773,981.5006955,0,7,0,0,0,0,0,0,0,981.6154926
5,5549.650336,368.0042174,0,16,0,0,0,0,0,0,1,381.512649,0,2,0,0,0,0,0,0,0,721.610295,0,0,0,0,0,0,0,0,0,1157.918938,0,3,0,0,0,0,0,0,0,614.224495,42.357735,70.3501374,-71.073371,62.02136908,77.72484274,49.19070253,67.42166207,The Esplanade,0,1,0,0,0,0,0,0,0,926.3327411,0,26,0,0,0,0,1,0,1,273.7803398,399.5434502,0,6,0,0,0,0,0,0,1,425.4299539,1113.132859,0,0,0,0,0,0,0,0,0,1127.132562
6,11783.07841,24.22034731,2,53,2,3,1,4,10,2,20,24.22034731,0,0,0,0,0,0,0,0,0,1179.282325,0,0,0,0,0,0,0,0,0,2067.033062,0,0,0,0,0,0,0,0,0,5080.595648,42.25704165,2110.18115,-71.01134192,24.22033813,126.1107987,1673.622476,549.0229856,Adams National Historical Park,0,0,0,0,0,0,0,0,0,1271.264967,0,5,0,0,0,0,0,0,1,446.7947313,67.60787304,0,1,0,0,0,0,0,0,0,724.0399004,61.37471322,0,1,0,0,0,0,0,0,0,809.2157018
7,17888.28469,1879.823011,0,0,0,0,0,0,0,0,0,2053.458126,0,0,0,0,0,0,0,0,0,3002.54209,0,0,0,0,0,0,0,0,0,5226.925583,0,0,0,0,0,0,0,0,0,4212.447648,42.2152465,4669.440904,-71.0924873,546.4098812,766.0896046,4831.914682,1912.348487,Blue Hills Reservation,0,0,0,0,0,0,0,0,0,4253.400971,0,0,0,0,0,0,0,0,0,2330.957175,5805.532813,0,0,0,0,0,0,0,0,0,5805.532813,3801.64268,0,0,0,0,0,0,0,0,0,4200.076994
8,10460.58382,247.8669235,0,28,0,0,0,0,1,0,5,285.7179936,0,1,0,0,0,0,0,0,0,710.9810835,0,0,0,0,0,0,0,0,0,4180.516563,0,0,0,0,0,0,0,0,0,1674.950119,42.3166791,3673.363348,-71.1168649,10.9736142,45.13160771,909.5578876,1745.177183,Jamaica Pond,0,0,0,0,0,0,0,0,0,1274.319188,0,18,0,0,0,0,1,0,3,295.4990146,968.9984791,0,0,0,0,0,0,0,0,0,1025.250276,1026.589796,0,0,0,0,0,0,0,0,0,1918.574782
9,17570.90196,732.115881,0,0,0,0,0,0,0,0,0,1618.345284,0,0,0,0,0,0,0,0,0,2595.332997,0,0,0,0,0,0,0,0,0,3283.079757,0,0,0,0,0,0,0,0,0,9880.406004,42.206678,2639.191482,-70.974289,1508.622141,1479.773566,4150.000468,1552.117433,Pond Meadow Park,0,0,0,0,0,0,0,0,0,5740.830498,0,0,0,0,0,0,0,0,0,1350.928784,2266.317004,0,0,0,0,0,0,0,0,0,4001.046854,1688.781996,0,0,0,0,0,0,0,0,0,1792.162491
10,2594.566702,314.1255295,0,14,0,0,0,0,0,0,7,306.7923036,0,0,0,0,0,0,0,0,0,1184.896743,0,0,0,0,0,0,0,0,0,1069.485015,0,0,0,0,0,0,0,0,0,2368.409136,42.364823,908.2772037,-71.037795,307.199237,127.0576421,741.0144873,1005.012844,East Boston Piers Park,0,1,0,0,0,0,0,0,0,694.9880755,0,6,0,0,0,0,0,0,1,324.7879032,385.9305497,0,1,0,0,0,0,0,0,1,485.9743412,1993.116681,0,0,0,0,0,0,0,0,0,1993.135217
11,15996.79503,785.9087407,0,0,0,0,0,0,0,0,0,5693.029535,0,0,0,0,0,0,0,0,0,6094.090767,0,0,0,0,0,0,0,0,0,11406.79474,0,0,0,0,0,0,0,0,0,16038.49451,42.25811758,11324.15129,-70.87350864,5704.194657,5529.501431,7230.709815,5693.542059,World's End,0,0,0,0,0,0,0,0,0,10113.51313,0,0,0,0,0,0,0,0,0,4059.686858,10787.52618,0,0,0,0,0,0,0,0,0,10923.95221,6289.0246,0,0,0,0,0,0,0,0,0,8701.531363
12,6618.269825,46.54485685,1,27,1,1,0,2,2,0,4,89.85832724,0,0,0,0,0,0,0,0,0,1099.370381,0,0,0,0,0,0,0,0,0,1736.448534,0,0,0,0,0,0,0,0,0,1353.926253,42.36316631,1136.166515,-71.08672905,46.5456299,79.08188999,383.703872,428.5792535,Cambridge Center Roof Garden,0,1,0,0,0,0,0,0,1,457.7418995,1,24,1,1,0,1,1,0,6,84.65745653,77.81699829,1,1,1,1,0,1,1,0,1,94.44342489,282.5434165,0,0,0,0,0,0,0,0,0,1969.898024
13,3785.305013,298.6856019,0,46,0,0,0,0,0,0,8,303.855448,0,1,0,0,0,0,0,0,0,708.6651601,0,1,0,0,0,0,0,0,1,437.1940843,0,0,0,0,0,0,0,0,0,1640.670469,42.34445,384.2979454,-71.04488,42.01185358,41.78938884,2064.658213,396.4937223,The Lawn On D,0,4,0,0,0,0,0,0,1,469.8526524,0,30,0,0,0,0,0,0,0,611.4422967,387.7048682,0,7,0,0,0,0,0,0,1,470.3678892,1031.554651,0,0,0,0,0,0,0,0,0,1131.776264
14,4139.166826,30.23216716,1,63,5,7,0,7,11,0,28,75.38331851,0,4,0,0,0,0,0,0,1,301.0343961,0,2,0,0,0,0,0,0,1,482.5383378,0,1,0,0,0,0,0,0,0,985.2255567,42.35645089,322.2373336,-71.05583668,30.23200517,105.5137772,585.2271768,311.685155,Norman B Leventhal Park,0,2,0,0,0,0,0,0,0,625.9856812,0,99,0,2,0,4,5,0,21,193.0252093,234.4131196,0,17,0,0,0,0,0,0,7,307.7732077,550.1576691,0,9,0,0,0,0,0,0,0,549.9490476
15,5459.915766,526.5488308,0,7,0,0,0,0,0,0,0,543.4539309,0,1,0,0,0,0,0,0,0,569.6401118,0,0,0,0,0,0,0,0,0,1202.212965,0,3,0,0,0,0,0,0,2,331.3506956,42.36030705,134.2226396,-71.07256252,50.67595175,50.7461333,17.22574744,262.4614958,Charles River Bike Paths,0,2,0,0,0,0,0,0,0,788.8019953,0,19,0,0,0,0,0,0,2,383.6667552,108.289029,0,5,0,1,0,1,1,0,1,155.0544632,1092.479369,0,0,0,0,0,0,0,0,0,1047.939991
16,4034.893264,256.6061502,0,38,0,0,0,0,3,0,14,257.2976817,0,2,0,1,0,1,2,0,2,179.4630991,0,4,0,0,0,0,0,0,1,347.175699,0,1,0,0,0,0,0,0,0,959.6580189,42.36549,281.8153111,-71.05526,167.9383386,5.695720259,258.2415832,274.2243137,HarborWalk,0,2,0,0,0,0,0,0,0,585.8640427,3,68,10,21,0,30,40,0,44,51.58646665,338.2661456,0,6,0,0,0,0,0,0,2,390.9490947,556.9753087,0,10,0,0,0,0,0,0,0,557.0163836
17,12196.53955,537.9606869,0,6,0,0,0,0,0,0,0,597.5116049,0,0,0,0,0,0,0,0,0,1747.837446,0,0,0,0,0,0,0,0,0,5316.829206,0,0,0,0,0,0,0,0,0,1081.137803,42.3094815,4979.040034,-71.13556936,367.0320849,5.018840164,1160.414439,2563.098221,Larz Anderson Park,0,0,0,0,0,0,0,0,0,2552.487414,0,0,0,0,0,0,0,0,0,1511.469482,2010.769305,0,0,0,0,0,0,0,0,0,2010.769364,2008.036727,0,0,0,0,0,0,0,0,0,2048.364361
18,13598.06766,44.87856533,0,0,0,0,0,0,0,0,0,2032.459073,0,0,0,0,0,0,0,0,0,2407.45033,0,0,0,0,0,0,0,0,0,7627.97768,0,0,0,0,0,0,0,0,0,12039.6312,42.257546,7635.115356,-70.922752,2045.565737,1553.396863,3393.950726,2035.910419,Webb Memorial State Park,0,0,0,0,0,0,0,0,0,6050.000101,0,2,0,0,0,0,0,0,0,574.1350987,6748.602368,0,0,0,0,0,0,0,0,0,6866.737951,3328.208404,0,0,0,0,0,0,0,0,0,5387.461283
19,12490.53136,175.869223,0,18,0,2,0,3,5,0,6,171.3253888,0,1,0,0,0,0,0,0,0,757.990402,0,0,0,0,0,0,0,0,0,3213.401195,0,0,0,0,0,0,0,0,0,1588.468018,42.33587823,2431.363409,-71.15348631,44.6939088,175.601247,231.5353792,1176.8433,Chestnut Hill Reservoir,0,0,0,0,0,0,0,0,0,1516.575204,0,6,0,1,0,1,2,0,4,186.1466582,240.7300218,0,8,0,0,0,0,0,0,3,307.5858228,2341.578905,0,0,0,0,0,0,0,0,0,2642.321805
20,5562.370305,19.82634168,3,80,3,4,1,7,7,2,29,24.57353964,0,3,0,0,0,0,1,0,1,273.8115173,0,4,0,0,0,0,0,0,0,608.9338808,0,3,0,0,0,0,0,0,0,662.9354715,42.3424026,418.240458,-71.0678906,19.82660198,30.99391935,731.342369,705.9813757,Peters Park,0,3,0,0,0,0,0,0,1,346.8223513,0,61,3,10,0,17,18,0,35,106.8189391,14.56016579,0,15,0,2,0,2,4,0,4,153.2516613,542.0144244,0,4,0,0,0,0,0,0,0,818.5847745
21,2762.425526,1095.900302,0,0,0,0,0,0,0,0,0,1098.666839,0,0,0,0,0,0,0,0,0,2116.033188,0,0,0,0,0,0,0,0,0,3028.086629,0,0,0,0,0,0,0,0,0,4434.260364,42.338518,2039.523739,-71.011839,273.2052152,250.1905222,4330.507483,2568.211982,Fort Independence Park,0,0,0,0,0,0,0,0,0,2045.845613,0,1,1,1,0,1,1,0,1,116.4521212,1316.426446,0,0,0,0,0,0,0,0,0,1323.488329,3783.61878,0,0,0,0,0,0,0,0,0,3820.417257
22,4523.522144,52.08863801,0,64,0,0,0,1,2,0,10,229.5434308,1,3,1,1,0,1,1,0,1,88.30537214,0,4,0,0,0,1,1,0,2,224.9629399,0,1,0,0,0,0,0,0,1,481.2485689,42.34876,31.36540144,-71.0578,36.16456883,75.93045064,898.203972,173.9657284,Rose Fitzgerald Kennedy Greenway,0,1,0,0,0,0,0,0,0,879.7547854,0,53,0,0,0,0,1,0,8,272.160244,226.1772486,0,19,0,0,0,0,0,0,4,374.8964975,83.41214293,0,9,0,0,0,0,0,0,9,335.6180648
23,4968.267225,114.2711649,0,54,1,1,0,1,4,0,9,121.4582215,0,3,0,0,0,0,0,0,0,549.3039276,0,1,0,0,0,0,0,0,0,935.1599277,0,4,0,0,0,0,0,0,0,723.0664336,42.35591177,585.2128196,-71.06592178,114.2709969,121.458047,365.4873508,264.202305,The Boston Common Frog Pond,0,2,0,0,0,0,0,0,1,483.5206392,0,48,0,0,0,0,0,0,12,308.6881115,172.9744591,0,19,0,0,0,0,1,0,7,299.3351027,940.9172658,0,1,0,0,0,0,0,0,0,994.5612829
24,5922.932972,38.01159814,2,48,4,5,0,5,6,0,14,91.93861365,0,2,0,0,0,0,0,0,1,444.915345,0,2,0,0,0,0,0,0,1,346.2105194,0,0,0,0,0,0,0,0,0,1039.076622,42.3500639,239.2679104,-71.0761142,38.01133958,54.04520871,228.7521622,54.04520871,Copley Square,0,0,0,0,0,0,0,0,0,1308.034371,1,75,3,6,0,9,14,0,31,71.0108222,35.89226046,0,6,0,1,0,1,2,0,3,154.3381078,271.9339289,0,4,0,0,0,0,3,0,4,278.6824909
25,10740.06597,361.7026441,0,24,0,0,0,0,0,0,5,376.1266968,0,2,0,0,0,0,0,0,1,409.6109475,0,0,0,0,0,0,0,0,0,1698.986728,0,0,0,0,0,0,0,0,0,1408.892206,42.34252732,1552.505158,-71.13377094,304.3606293,5.333841077,642.3889438,1229.390106,Corey Hill Outlook,0,0,0,0,0,0,0,0,0,1427.408397,0,34,0,0,0,0,0,0,7,351.9990465,324.1999887,0,12,0,0,0,0,0,0,2,379.0013023,1518.749886,0,0,0,0,0,0,0,0,0,1533.239849
26,7786.788344,120.7487517,0,70,1,1,0,2,3,0,14,121.6027409,0,1,0,0,0,0,0,0,0,518.0115532,0,1,0,0,0,0,0,0,0,951.1046159,0,2,0,0,0,0,0,0,0,791.5330414,42.34185,655.6404765,-71.09647,1.229617632,0.869456596,438.0509044,773.493105,The Back Bay Fens,0,1,0,0,0,0,0,0,0,974.6420032,0,31,0,0,0,0,5,0,13,256.8135238,451.816667,0,9,0,0,0,0,0,0,1,453.0227372,638.9914152,0,5,0,0,0,0,0,0,0,718.8215323
27,13487.0713,292.8983038,0,33,0,0,0,0,0,0,7,300.1971431,0,1,0,0,0,0,0,0,0,856.4334676,0,1,0,0,0,0,0,0,0,582.4528972,0,0,0,0,0,0,0,0,0,3706.095904,42.243392,210.1283961,-71.034095,258.1210378,69.24676228,2274.223853,2775.416324,Quincy Quarries Reservation,0,0,0,0,0,0,0,0,0,3428.989207,0,0,0,0,0,0,0,0,0,1031.778257,2584.289899,0,0,0,0,0,0,0,0,0,2506.309827,2428.03617,0,0,0,0,0,0,0,0,0,2538.942516
28,16127.89236,1336.978121,0,0,0,0,0,0,0,0,0,2704.856195,0,0,0,0,0,0,0,0,0,3028.532872,0,0,0,0,0,0,0,0,0,8022.918344,0,0,0,0,0,0,0,0,0,13749.61376,42.23726226,7835.888097,-70.9087209,2613.120353,2585.406675,4157.397564,2702.050379,Bare Cove Park,0,0,0,0,0,0,0,0,0,7493.271624,0,0,0,0,0,0,0,0,0,1988.586506,7827.098052,0,0,0,0,0,0,0,0,0,8119.564547,2690.199999,0,0,0,0,0,0,0,0,0,5103.250889
29,5436.08385,387.2984826,0,20,0,0,0,0,0,0,1,469.2318451,0,1,0,0,0,0,0,0,0,608.194144,0,2,0,0,0,0,0,0,0,557.6372406,0,3,0,0,0,0,0,0,0,748.1002094,42.3695566,228.5461818,-71.071797,68.36231059,13.00897563,88.74338728,117.1820627,North Point Park,0,1,0,0,0,0,0,0,1,386.1436616,0,9,0,0,0,0,0,0,0,613.4744101,71.12810786,0,4,0,0,0,0,0,0,3,457.3572381,313.1918219,0,10,0,0,0,0,0,0,0,852.4512317
30,20017.8404,1951.61103,0,0,0,0,0,0,0,0,0,6287.594222,0,0,0,0,0,0,0,0,0,7169.106717,0,0,0,0,0,0,0,0,0,11530.26852,0,0,0,0,0,0,0,0,0,17910.0278,42.2162595,11167.17896,-70.86559817,6222.654936,6158.855011,8213.004845,6893.688649,Wompatuck State Park,0,0,0,0,0,0,0,0,0,11626.59645,0,0,0,0,0,0,0,0,0,6143.729693,11109.46444,0,0,0,0,0,0,0,0,0,11821.48848,6341.997261,0,0,0,0,0,0,0,0,0,8392.564888
31,9162.852088,149.6147239,0,62,0,3,0,5,6,0,22,175.0137047,0,1,0,1,0,1,1,0,1,191.7821331,0,0,0,0,0,0,0,0,0,1955.799043,0,0,0,0,0,0,0,0,0,1010.737417,42.374326,773.5484639,-71.116585,149.6145712,166.0534157,369.8795014,166.0534157,Harvard Yard,0,0,0,0,0,0,0,0,0,2077.469227,0,50,0,2,0,7,13,0,33,179.1082372,172.7030044,0,1,0,1,0,1,1,0,1,193.9933287,1115.520226,0,0,0,0,0,0,0,0,0,1567.07275
32,4120.295772,49.08004069,1,54,2,5,0,5,8,0,22,86.42980218,0,5,0,0,0,0,0,0,0,612.6495409,0,3,0,0,0,0,1,0,2,265.3361162,0,1,0,0,0,0,0,0,0,906.8022118,42.36004062,208.3405863,-71.05623912,49.07985445,17.77957967,192.5964812,177.523962,Boston National Historical Park,0,2,0,0,0,0,0,0,1,390.6656641,1,86,4,9,0,10,11,0,47,69.44255928,122.6860112,0,15,0,1,0,1,2,0,5,189.6118478,851.0849235,0,19,0,0,0,0,0,0,0,851.0849235
33,9732.557539,3.559052866,2,39,2,5,1,6,6,2,11,24.32104652,0,1,0,0,0,0,0,0,0,843.7679247,0,2,0,0,0,0,0,0,0,694.7435878,0,0,0,0,0,0,0,0,0,1548.833784,42.280975,115.6946789,-71.047695,304.7723192,3.559052866,284.5785327,750.7943286,Pope John Paul II Park,0,0,0,0,0,0,0,0,0,2114.462472,0,6,0,0,0,0,0,0,0,679.0509186,912.23124,0,0,0,0,0,0,0,0,0,1053.309094,899.9020978,0,0,0,0,0,0,0,0,0,2820.62961
34,4105.944041,0.834651749,0,46,1,4,0,5,5,0,19,146.6105075,0,4,0,0,0,0,0,0,1,461.5333212,1,3,1,1,1,1,1,1,2,15.99308303,0,1,0,0,0,0,0,0,0,847.0355763,42.36231559,5.536490767,-71.05622134,28.19915388,0.834931676,13.69140612,8.908184839,North End Park,0,2,0,0,0,0,0,0,1,344.3754932,2,81,12,17,0,25,30,0,55,91.64999151,128.2011487,0,9,1,1,0,1,1,0,6,135.4300593,657.6627638,0,10,0,0,0,0,0,0,0,657.8111753
35,7661.502721,200.9200502,0,72,0,0,0,1,1,0,13,208.7054057,0,1,0,0,0,0,0,0,0,536.1513038,0,1,0,0,0,0,0,0,0,852.2317852,0,2,0,0,0,0,0,0,0,917.8243298,42.34194199,645.8389278,-71.09491337,43.44524276,116.7538949,381.1598005,782.5212036,James P Kelleher Rose Garden,0,1,0,0,0,0,0,0,0,928.4640466,0,38,0,0,0,0,0,0,8,329.8539963,398.9720959,0,10,0,0,0,0,0,0,2,446.2210599,629.011041,0,5,0,0,0,0,0,0,0,752.1791133
36,10184.8873,275.2016104,0,35,0,0,0,0,2,0,7,268.4248945,0,1,0,0,0,0,0,0,0,564.6172533,0,0,0,0,0,0,0,0,0,4419.590158,0,0,0,0,0,0,0,0,0,1969.200379,42.3104107,4190.494078,-71.1075721,271.132428,26.62313568,958.2174208,1061.460868,Southwest Corridor Park,0,1,0,0,0,0,1,0,1,257.0031974,0,18,0,0,0,0,1,0,4,295.8531508,9.437035138,1,2,1,1,0,1,1,0,1,69.62799374,8.868657335,0,0,0,0,0,0,0,0,0,1343.463776
37,3902.069318,184.6603434,0,35,0,2,0,2,4,0,12,182.3213937,1,2,2,2,0,2,2,1,2,41.23768936,0,3,0,0,0,0,0,0,1,424.3032529,0,0,0,0,0,0,0,0,0,1098.549499,42.36577384,267.6003644,-71.05361581,60.08592867,36.9520943,189.1186209,372.1296189,Paul Revere Mall,0,1,0,0,0,0,0,0,0,708.4177798,4,60,10,16,0,23,31,0,43,67.70058247,464.3660828,0,6,0,0,0,0,0,0,0,506.1948012,685.8782838,0,10,0,0,0,0,0,0,0,685.9016899
38,18364.39917,2054.173221,0,0,0,0,0,0,0,0,0,2390.298499,0,0,0,0,0,0,0,0,0,3294.686078,0,0,0,0,0,0,0,0,0,5538.274479,0,0,0,0,0,0,0,0,0,4681.207573,42.2114822,4963.164074,-71.0953033,1017.056405,1231.053431,5289.870658,2173.814124,Houghton's Pond Recreation Area,0,0,0,0,0,0,0,0,0,4718.373206,0,0,0,0,0,0,0,0,0,2787.141799,6227.923051,0,0,0,0,0,0,0,0,0,6227.923051,3830.169183,0,0,0,0,0,0,0,0,0,4290.528904
39,7997.556139,286.6707356,0,20,0,0,0,0,1,0,2,280.9858353,0,1,0,0,0,0,0,0,0,971.5670549,0,2,0,0,0,0,0,0,1,304.401848,0,0,0,0,0,0,0,0,0,2719.965532,42.29713538,99.44894925,-71.04540825,182.3856398,92.55689246,1170.158846,1592.86469,Victory Road Park,0,0,0,0,0,0,0,0,0,1132.479837,0,1,0,0,0,0,0,0,1,367.3798952,401.1242131,0,0,0,0,0,0,0,0,0,1398.640324,407.0928651,0,0,0,0,0,0,0,0,0,2678.911651
40,8402.881966,86.02547838,0,51,2,2,0,6,7,0,14,125.6140664,0,0,0,0,0,0,0,0,0,1090.02853,0,0,0,0,0,0,0,0,0,1472.954381,0,5,0,0,0,0,0,0,1,499.6574661,42.34431254,462.4816565,-71.10519737,66.32804166,67.96203619,264.5055995,249.4157499,The Riverway,0,0,0,0,0,0,0,0,0,1640.337031,0,25,0,0,0,1,2,0,11,222.1801652,45.11476022,0,11,1,1,0,1,2,0,4,105.9261152,443.9349078,0,2,0,0,0,0,0,0,0,533.5556279
41,11133.68125,27.81182362,2,21,2,2,0,2,2,0,4,59.11061545,0,1,0,0,0,0,0,0,0,939.1287228,0,0,0,0,0,0,0,0,0,3204.307485,0,0,0,0,0,0,0,0,0,2186.183448,42.328451,3060.641523,-71.133197,587.429995,37.76226207,27.81205098,1786.858092,Brookline Reservoir,0,0,0,0,0,0,0,0,0,1147.117946,0,2,0,0,0,0,0,0,0,537.2378943,388.8887312,0,2,0,0,0,0,0,0,0,619.7652952,2720.893378,0,0,0,0,0,0,0,0,0,3095.207392
42,23702.16664,1.682437531,0,0,0,0,0,0,0,0,0,6141.487453,0,0,0,0,0,0,0,0,0,7083.261305,0,0,0,0,0,0,0,0,0,6232.490923,0,0,0,0,0,0,0,0,0,10007.16107,42.17316,5587.497202,-71.13742,5496.711081,5312.553351,6310.627164,5420.600141,Ponkapoag Trails,0,0,0,0,0,0,0,0,0,8854.483761,0,0,0,0,0,0,0,0,0,3976.282141,11116.9169,0,0,0,0,0,0,0,0,0,11116.9169,5219.272445,0,0,0,0,0,0,0,0,0,6719.92257
43,10264.90302,138.2079119,0,30,0,2,0,4,4,0,11,181.7090917,0,2,0,0,0,0,0,0,0,543.7508982,0,0,0,0,0,0,0,0,0,1986.335779,0,0,0,0,0,0,0,0,0,1456.47758,42.339008,1809.441095,-71.12668,138.2077333,52.26066372,975.8646063,1436.895051,Griggs Park,0,1,0,0,0,0,0,0,0,743.8384189,0,29,0,0,0,0,1,0,1,272.5336372,172.5184523,0,8,0,0,0,2,2,0,3,200.0993501,1766.294523,0,0,0,0,0,0,0,0,0,1989.290577
44,12336.30588,30.92891677,1,64,8,8,0,9,10,0,22,56.84138199,0,1,0,0,0,0,0,0,0,905.7609328,0,0,0,0,0,0,0,0,0,2214.726789,0,0,0,0,0,0,0,0,0,5916.79754,42.25201847,2195.058702,-71.0034755,30.92889691,72.47993219,965.8464698,616.9057073,National Park Service,0,1,0,0,0,0,0,0,0,742.3171262,4,26,4,5,2,5,6,3,21,24.8264524,166.0561608,0,1,0,1,0,1,1,0,1,178.8279638,169.138051,0,1,0,1,0,1,1,0,1,164.817698
45,16813.62077,33.5598328,1,33,2,4,0,4,4,0,6,86.99180928,0,0,0,0,0,0,0,0,0,1720.656826,0,0,0,0,0,0,0,0,0,2236.666268,0,0,0,0,0,0,0,0,0,4669.489999,42.279533,1909.597207,-71.176494,413.2807893,33.55999514,4177.238271,941.0699941,Millennium Park,0,0,0,0,0,0,0,0,0,2458.144462,0,3,0,0,0,0,0,0,1,406.327731,5304.808551,0,0,0,0,0,0,0,0,0,5324.102068,94.45474049,0,0,0,0,0,0,0,0,0,1393.462444
46,17368.63753,461.5853086,0,16,0,0,0,0,0,0,4,454.8786546,0,0,0,0,0,0,0,0,0,1585.555573,0,0,0,0,0,0,0,0,0,3763.825207,0,0,0,0,0,0,0,0,0,5775.999582,42.328196,2499.102828,-71.211866,350.637706,213.1534089,1004.612978,1087.358275,Cold Spring Park,0,0,0,0,0,0,0,0,0,4907.830935,0,6,0,0,0,0,0,0,2,348.8487935,846.0431266,0,1,0,0,0,0,0,0,0,834.4333481,2531.250903,0,0,0,0,0,0,0,0,0,2605.520051
47,28379.19775,389.8566297,0,0,0,0,0,0,0,0,0,7226.576647,0,0,0,0,0,0,0,0,0,10981.10502,0,0,0,0,0,0,0,0,0,7966.528525,0,0,0,0,0,0,0,0,0,15202.65149,42.15887986,7951.261617,-71.21313931,7296.93895,6826.139773,7296.285994,7101.031553,Francis William Bird Park,0,0,0,0,0,0,0,0,0,10425.03087,0,0,0,0,0,0,0,0,0,3734.366969,15646.58209,0,0,0,0,0,0,0,0,0,15646.58209,7178.928283,0,0,0,0,0,0,0,0,0,8287.037052
48,25153.66897,3803.172185,0,0,0,0,0,0,0,0,0,7194.536184,0,0,0,0,0,0,0,0,0,8622.276833,0,0,0,0,0,0,0,0,0,5562.37546,0,0,0,0,0,0,0,0,0,13058.08821,42.2481809,4893.50412,-71.26928761,5046.056837,4902.626719,4949.187931,5260.61187,Noanet Woodlands,0,0,0,0,0,0,0,0,0,5157.211522,0,0,0,0,0,0,0,0,0,4476.069194,9148.55382,0,0,0,0,0,0,0,0,0,9775.514745,5807.877346,0,0,0,0,0,0,0,0,0,8237.704655
49,12763.16555,27.6446221,2,34,2,2,0,2,2,1,9,49.36982687,0,1,0,0,0,0,0,0,0,760.3760925,0,0,0,0,0,0,0,0,0,2463.75874,0,1,0,0,0,0,0,0,0,971.7515855,42.26005466,2392.046181,-71.07499657,27.64469572,42.48315512,535.7207526,535.7207526,Turner's Pond,0,1,0,0,0,0,0,0,0,936.5601785,0,0,0,0,0,0,0,0,0,1101.920472,1050.03478,0,0,0,0,0,0,0,0,0,1064.120215,2176.551536,0,0,0,0,0,0,0,0,0,2126.18064
50,16587.66369,72.06550676,0,60,0,2,0,2,2,0,13,178.4969718,0,0,0,0,0,0,0,0,0,1365.480943,0,0,0,0,0,0,0,0,0,4028.203124,0,0,0,0,0,0,0,0,0,5007.437955,42.250306,3897.014231,-71.138301,72.06515327,81.24347195,3929.469942,2750.971098,Stony Brook Reservation,0,0,0,0,0,0,0,0,0,1342.244923,0,1,0,0,0,0,0,0,0,851.8846286,4234.091272,0,0,0,0,0,0,0,0,0,4234.091271,809.9707054,0,0,0,0,0,0,0,0,0,1186.670076
51,15195.85507,196.6547819,0,53,0,1,0,3,4,0,15,196.6550933,0,1,0,0,0,1,1,0,1,230.7322835,0,0,0,0,0,0,0,0,0,3967.522702,0,0,0,0,0,0,0,0,0,3081.09255,42.28223047,3695.473273,-71.15512005,194.2767066,5.483961393,3788.046916,1865.945474,Billings Field,0,1,0,0,0,0,0,0,0,755.8625183,0,15,0,0,0,0,0,0,7,356.5062075,3954.12651,0,0,0,0,0,0,0,0,0,3954.129347,187.8288475,0,3,0,0,0,0,1,0,2,294.9808583
52,18509.35559,836.1381205,0,2,0,0,0,0,0,0,0,886.9811468,0,0,0,0,0,0,0,0,0,2035.699189,0,0,0,0,0,0,0,0,0,3104.383992,0,0,0,0,0,0,0,0,0,6945.229684,42.296224,933.1731702,-71.212104,181.1848834,198.4757075,2554.449145,3407.01199,Cutler Park,0,0,0,0,0,0,0,0,0,4060.086321,0,0,0,0,0,0,0,0,0,1132.788706,2384.543839,0,0,0,0,0,0,0,0,0,2953.112086,2210.165968,0,0,0,0,0,0,0,0,0,4611.449546
53,26250.8857,5335.222,0,0,0,0,0,0,0,0,0,8661.465321,0,0,0,0,0,0,0,0,0,9809.817019,0,0,0,0,0,0,0,0,0,8133.538049,0,0,0,0,0,0,0,0,0,14652.93471,42.276237,7739.816896,-71.302566,7649.577426,7636.177699,8557.54944,7727.551825,"The Gardens at Elm Bank, Massachusetts Horticultural Society",0,0,0,0,0,0,0,0,0,7952.345139,0,0,0,0,0,0,0,0,0,5506.84989,7947.250661,0,0,0,0,0,0,0,0,0,9502.956379,7635.910509,0,0,0,0,0,0,0,0,0,11476.22348
54,29950.84144,8619.614569,0,0,0,0,0,0,0,0,0,12327.85879,0,0,0,0,0,0,0,0,0,13435.02355,0,0,0,0,0,0,0,0,0,11141.51611,0,0,0,0,0,0,0,0,0,18174.15068,42.25616233,10728.58073,-71.33989326,10764.40993,10718.48154,10842.82793,10768.74457,Mass Audubon Broadmoor Wildlife Sanctuary,0,0,0,0,0,0,0,0,0,10827.43948,0,0,0,0,0,0,0,0,0,8971.076984,11545.56239,0,0,0,0,0,0,0,0,0,13300.79982,10949.23294,0,0,0,0,0,0,0,0,0,14101.765
55,11554.46791,97.36677285,0,48,0,0,0,0,0,0,8,319.0450423,0,1,0,0,0,0,0,0,1,418.8866068,0,0,0,0,0,0,0,0,0,1623.106743,0,0,0,0,0,0,0,0,0,1301.75488,42.383083,1565.885483,-71.144048,455.5669507,34.5653246,420.0309876,93.62400273,Fresh Pond,0,0,0,0,0,0,0,0,0,2541.046191,0,3,0,0,0,0,0,0,1,497.9757021,1457.337935,0,0,0,0,0,0,0,0,0,1457.337933,1023.771466,0,0,0,0,0,0,0,0,0,2112.196566
56,10774.36942,522.6344739,0,40,0,0,0,0,0,0,0,532.9672372,0,2,0,0,0,0,0,0,0,520.2392081,0,0,0,0,0,0,0,0,0,1283.106009,0,0,0,0,0,0,0,0,0,1633.006865,42.38854583,1284.02324,-71.13260911,510.822329,4.493425519,714.953116,701.5726443,Danehy Park,0,0,0,0,0,0,0,0,0,3290.80684,1,11,1,2,1,2,2,1,2,17.95568207,1028.891668,0,0,0,0,0,0,0,0,0,1111.518381,227.8869928,0,0,0,0,0,0,0,0,0,1087.230508
57,2488.379166,11.74437172,2,39,2,4,1,4,5,2,7,16.40945815,0,1,0,0,0,0,0,0,0,593.5194278,0,0,0,0,0,0,0,0,0,2287.286029,0,0,0,0,0,0,0,0,0,3597.210138,42.385245,858.5763734,-71.0105412,100.8344108,23.63987347,11.74445029,346.4226424,Constitution Beach,0,0,0,0,0,0,0,0,0,1936.816133,0,6,0,1,0,1,2,0,5,186.6890749,31.71624123,0,1,0,0,0,0,0,0,0,505.2267025,859.8816796,0,0,0,0,0,0,0,0,0,2200.947105
58,3406.079021,477.967496,0,22,0,0,0,0,0,0,0,503.9925353,0,2,0,0,0,0,0,0,0,825.488553,0,0,0,0,0,0,0,0,0,3716.587667,0,0,0,0,0,0,0,0,0,4134.145112,42.392522,2335.653067,-70.994946,1.65429236,2.340664199,759.199547,1010.383728,Belle Isle Marsh Reservation,0,0,0,0,0,0,0,0,0,1097.742601,0,2,0,0,0,0,0,0,0,607.6949605,54.3388689,0,2,0,0,0,0,1,0,1,289.0516619,1570.907982,0,0,0,0,0,0,0,0,0,3186.377506
59,15980.12188,221.0804399,0,15,0,0,0,0,1,0,4,298.549974,0,0,0,0,0,0,0,0,0,1547.664553,0,0,0,0,0,0,0,0,0,2341.632359,0,0,0,0,0,0,0,0,0,5517.824315,42.3926932,2331.072698,-71.1962575,14.29545829,147.2414279,281.6319086,221.0800625,Beaver Brook Reservation,0,0,0,0,0,0,0,0,0,1577.325952,0,0,0,0,0,0,0,0,0,1173.954435,4477.264122,0,0,0,0,0,0,0,0,0,4477.264116,716.6058944,0,2,0,0,0,0,0,0,0,730.0402313
60,11192.69799,513.8015888,0,39,0,0,0,0,0,0,0,513.8015888,0,0,0,0,0,0,0,0,0,1323.258616,0,0,0,0,0,0,0,0,0,2862.228435,0,0,0,0,0,0,0,0,0,5348.565586,42.2623,2913.205057,-71.00478,168.4777573,87.07065094,1492.298548,88.00982468,Merrymount Park,0,0,0,0,0,0,0,0,0,1023.339636,0,3,0,0,0,0,0,0,0,813.7413838,754.3410652,0,0,0,0,0,0,0,0,0,1136.659761,761.6051514,0,0,0,0,0,0,0,0,0,1218.673616
61,22735.67488,1200.800201,0,0,0,0,0,0,0,0,0,5828.772344,0,0,0,0,0,0,0,0,0,6909.300195,0,0,0,0,0,0,0,0,0,7073.835046,0,0,0,0,0,0,0,0,0,11688.25636,42.38718125,6713.743656,-71.28050923,5817.112989,5807.310264,6969.97733,5819.625933,Cat Rock Park,0,0,0,0,0,0,0,0,0,6815.875123,0,0,0,0,0,0,0,0,0,2674.798065,5990.248331,0,0,0,0,0,0,0,0,0,9489.165549,5831.805795,0,0,0,0,0,0,0,0,0,6993.605884
62,10901.79376,5.799497203,4,52,4,4,0,7,9,2,17,31.13934209,0,0,0,0,0,0,0,0,0,1004.118938,0,0,0,0,0,0,0,0,0,1390.376045,0,1,0,0,0,0,1,0,1,257.525649,42.27583587,1362.788461,-71.06702417,5.79918587,39.24413846,1144.629387,387.4501997,Dorchester Park,0,0,0,0,0,0,0,0,0,2259.512929,0,8,0,0,0,0,3,0,6,265.3874971,577.7543287,0,5,0,0,0,0,0,0,0,534.2470338,1655.982011,0,0,0,0,0,0,0,0,0,1650.779393
63,12613.24411,1.255259691,2,47,3,4,0,4,4,0,10,82.02602325,0,1,0,0,0,0,0,0,0,979.6464184,0,0,0,0,0,0,0,0,0,2727.431802,0,0,0,0,0,0,0,0,0,1300.194371,42.26318,2568.525458,-71.0791799,488.6289303,1.25548078,558.7163188,558.7163188,Neponset Bike Path,0,0,0,0,0,0,0,0,0,1210.689995,0,1,0,0,0,0,0,0,0,918.9433766,609.1367945,0,3,0,0,0,0,0,0,0,602.8934143,1669.852304,0,0,0,0,0,0,0,0,0,1644.253123
64,15355.74466,873.3502647,0,5,0,0,0,0,0,0,0,875.9198461,0,0,0,0,0,0,0,0,0,1028.855432,0,1,0,0,0,0,0,0,0,905.6992438,0,0,0,0,0,0,0,0,0,5277.92879,42.403,912.7683691,-71.1849,460.5340286,163.3264153,1657.294888,888.7316828,Mass Audubon's Habitat Education Center & Wildlife Sanctuary,0,1,0,0,0,0,0,0,0,964.0403141,0,2,0,0,0,0,0,0,0,943.3162709,3607.46669,0,0,0,0,0,0,0,0,0,3607.466685,1002.129169,0,0,0,0,0,0,0,0,0,1077.078263
65,13890.17371,290.0244426,0,39,0,0,0,0,2,0,6,289.4472446,0,1,0,0,0,0,0,0,0,993.9094536,0,1,0,0,0,0,0,0,0,726.5682148,0,0,0,0,0,0,0,0,0,4405.21575,42.41202,711.1487612,-71.1616,538.6676136,0.392770203,609.0446368,290.024303,Menotomy Rocks Park,0,0,0,0,0,0,0,0,0,1115.153611,0,16,0,0,0,0,0,0,0,592.6366298,2387.90794,0,0,0,0,0,0,0,0,0,2387.907938,1786.52962,0,0,0,0,0,0,0,0,0,2128.580112
66,14953.99795,273.0207252,0,33,0,0,0,0,2,0,8,274.0803942,0,1,0,0,0,0,0,0,0,556.6702207,0,1,0,0,0,0,0,0,0,561.9386127,0,0,0,0,0,0,0,0,0,5457.414085,42.412536,298.3409143,-71.175278,273.0206984,13.66543689,1194.549046,1191.427576,Robbins Farm Park,0,0,0,0,0,0,0,0,0,1829.131328,0,1,0,0,0,0,0,0,0,975.0079475,3285.613843,0,0,0,0,0,0,0,0,0,3285.613839,1833.618502,0,0,0,0,0,0,0,0,0,1835.460128
67,12853.25262,191.2934926,0,40,0,1,0,2,4,0,10,197.2651772,0,1,0,0,0,0,0,0,0,507.8825096,0,1,0,0,0,0,0,0,0,940.1328807,0,0,0,0,0,0,0,0,0,3636.186235,42.40926262,924.0417331,-71.14948869,460.6140252,3.989341101,377.9420695,187.3922742,Spy Pond,0,0,0,0,0,0,0,0,0,1133.89864,0,18,0,0,0,1,1,0,1,240.5031337,1582.16661,0,0,0,0,0,0,0,0,0,1582.16661,1545.243549,0,0,0,0,0,0,0,0,0,1920.580252
68,7907.983657,12.5226226,2,19,2,2,1,2,2,2,6,21.95537416,0,0,0,0,0,0,0,0,0,1047.444432,0,0,0,0,0,0,0,0,0,1875.036619,0,0,0,0,0,0,0,0,0,4003.530169,42.29278341,1818.822411,-71.02175854,12.52294294,0.486098365,1710.919033,1665.971013,Squantum Point Park,0,0,0,0,0,0,0,0,0,3133.110283,0,0,0,0,0,0,0,0,0,1408.46686,1573.420417,0,0,0,0,0,0,0,0,0,1999.594653,1595.238063,0,0,0,0,0,0,0,0,0,3989.672422
69,9948.562226,4.982092763,0,39,0,0,0,2,2,0,2,244.2580439,0,0,0,0,0,0,0,0,0,1303.551504,0,0,0,0,0,0,0,0,0,3945.476242,0,0,0,0,0,0,0,0,0,2560.78318,42.30416605,3579.078835,-71.09733582,4.982285112,188.686528,716.4257977,830.2023412,Franklin Park,0,1,0,0,0,0,0,0,0,857.8125735,0,4,0,0,0,0,0,0,0,819.365155,1071.675287,0,0,0,0,0,0,0,0,0,1089.612149,1055.543273,0,0,0,0,0,0,0,0,0,1511.992052
70,10614.79777,171.5065699,0,0,0,0,0,0,0,0,0,5177.648046,0,0,0,0,0,0,0,0,0,5902.270211,0,0,0,0,0,0,0,0,0,11518.20137,0,0,0,0,0,0,0,0,0,13582.48582,42.3040148,11498.58418,-70.9051179,6227.371432,3175.980192,8128.193769,7215.931221,Fort Revere Park,0,0,0,0,0,0,0,0,0,9217.130318,0,0,0,0,0,0,0,0,0,5901.95863,10155.45744,0,0,0,0,0,0,0,0,0,10100.90257,8099.632191,0,0,0,0,0,0,0,0,0,10122.46607
71,6752.626949,233.9906627,0,14,0,0,0,1,2,0,4,244.7524811,0,1,0,0,0,0,0,0,0,556.7245391,0,0,0,0,0,0,0,0,0,3006.285048,0,0,0,0,0,0,0,0,0,5245.190978,42.3023863,2924.899984,-71.011558,176.4268424,15.98766915,3040.770086,3019.541028,Secret Squantum Park,0,0,0,0,0,0,0,0,0,3813.168558,0,0,0,0,0,0,0,0,0,2748.686589,2900.7909,0,0,0,0,0,0,0,0,0,3321.405622,2908.672945,0,0,0,0,0,0,0,0,0,3918.668172
72,26393.64059,3252.117419,0,0,0,0,0,0,0,0,0,8685.183535,0,0,0,0,0,0,0,0,0,11071.67885,0,0,0,0,0,0,0,0,0,9090.533354,0,0,0,0,0,0,0,0,0,16053.92865,42.4298606,8665.647631,-71.3140243,8719.934819,8570.175723,10671.99505,8678.4697,deCordova Sculpture Park and Museum,0,0,0,0,0,0,0,0,0,11372.24358,0,0,0,0,0,0,0,0,0,7313.042802,11450.49405,0,0,0,0,0,0,0,0,0,14641.25651,10062.70473,0,0,0,0,0,0,0,0,0,11190.79375
73,14663.77079,39.2530099,0,5,0,0,0,0,1,0,1,281.0526188,0,0,0,0,0,0,0,0,0,1629.245284,0,0,0,0,0,0,0,0,0,3629.846844,0,0,0,0,0,0,0,0,0,3663.761804,42.32427345,3639.088464,-71.17648734,3.028383486,39.25304795,437.3480654,1324.39275,Hammond Pond Reservation,0,0,0,0,0,0,0,0,0,3510.111821,0,11,0,0,0,0,1,0,2,275.7690478,463.2996266,0,0,0,0,0,0,0,0,0,1016.784783,3680.069397,0,0,0,0,0,0,0,0,0,3923.821341
74,4882.438744,138.1785692,0,64,2,6,0,6,6,0,11,142.7282167,0,1,0,0,0,0,0,0,0,887.9062243,0,0,0,0,0,0,0,0,0,1126.533598,0,0,0,0,0,0,0,0,0,2223.448712,42.33004749,1041.908064,-71.04551569,15.56187051,70.61960549,2989.157049,1922.582539,South Boston Bark Park,0,1,0,0,0,0,0,0,0,883.0747984,0,9,0,0,0,0,0,0,0,715.4565968,944.6924558,0,1,0,0,0,0,0,0,0,944.7282623,951.3898484,0,0,0,0,0,0,0,0,0,1171.398621
75,7153.470222,487.0550085,0,21,0,0,0,0,0,0,1,489.0638128,0,1,0,0,0,0,0,0,0,833.9790094,0,1,0,0,0,0,0,0,0,716.0637179,0,0,0,0,0,0,0,0,0,3451.641865,42.30803814,190.4274431,-71.05150223,442.5515641,57.22239323,2472.094089,2857.841148,Savin Hill Beach/ McConnell Park,0,0,0,0,0,0,0,0,0,1275.83783,0,9,0,0,0,0,0,0,2,436.212165,233.1538643,0,1,0,0,0,0,0,0,1,348.8015396,240.4804685,0,0,0,0,0,0,0,0,0,1410.393283
76,8361.332883,212.6590648,0,88,0,0,0,2,5,0,23,208.1326542,0,1,0,0,0,0,0,0,0,829.753492,0,0,0,0,0,0,0,0,0,2517.6242,0,0,0,0,0,0,0,0,0,1137.531138,42.3253909,2469.53397,-71.0942416,208.5190471,13.89328124,310.7421367,1321.608378,Highland Park - Fort Hill,0,1,0,0,0,0,0,0,0,899.6352024,0,2,0,0,0,0,0,0,0,875.8585578,369.2843617,0,3,0,0,0,0,0,0,0,529.9223337,356.0074692,0,0,0,0,0,0,0,0,0,1303.472561
77,28580.35728,4175.610305,0,0,0,0,0,0,0,0,0,10748.71789,0,0,0,0,0,0,0,0,0,13167.71631,0,0,0,0,0,0,0,0,0,11199.00021,0,0,0,0,0,0,0,0,0,18307.29349,42.4417274,10777.90936,-71.3369204,10825.38274,10585.27564,12938.85423,10746.23154,Walden Pond State Reservation,0,0,0,0,0,0,0,0,0,13671.54516,0,0,0,0,0,0,0,0,0,8921.569049,13511.64553,0,0,0,0,0,0,0,0,0,16817.7419,12358.84668,0,0,0,0,0,0,0,0,0,13459.65171
78,12182.97727,144.8747581,0,0,0,0,0,0,0,0,0,2727.904268,0,0,0,0,0,0,0,0,0,3171.09407,0,0,0,0,0,0,0,0,0,3885.514925,0,0,0,0,0,0,0,0,0,3528.225405,42.45349818,2921.991236,-71.09010727,2787.105317,2721.46202,3003.63139,2906.374024,Middlesex Fells Reservation,0,0,0,0,0,0,0,0,0,3288.293227,0,0,0,0,0,0,0,0,0,2053.922059,2381.699467,0,0,0,0,0,0,0,0,0,3260.127796,3054.035217,0,0,0,0,0,0,0,0,0,3261.407889
79,9293.424823,14.41614782,2,56,2,2,0,3,10,0,14,75.86715474,0,2,0,0,0,0,0,0,0,512.8734785,0,0,0,0,0,0,0,0,0,2493.596597,0,6,0,0,0,0,0,0,3,445.2727455,42.3343432,1679.522362,-71.1123274,14.41624259,75.86693867,261.8019901,216.3258866,Brookline Avenue Playground,0,1,0,0,0,0,0,0,0,734.9117406,0,13,0,0,0,0,0,0,1,498.4259705,122.0401939,0,8,0,0,0,0,2,0,3,260.3795816,1397.588995,0,0,0,0,0,0,0,0,0,1766.938901
80,12782.72947,95.74207015,1,55,2,2,0,2,4,0,6,95.72880293,0,2,0,0,0,0,0,0,0,748.3299594,0,0,0,0,0,0,0,0,0,2314.539866,0,0,0,0,0,0,0,0,0,1022.619629,42.34804311,1056.632603,-71.16021592,95.74198732,63.7389769,879.7299618,1040.086482,Rogers Park,0,1,0,0,0,0,0,0,0,806.5256814,0,17,0,0,0,0,0,0,2,407.5601359,888.6262374,0,1,0,0,0,0,0,0,0,984.6424515,1036.079264,0,0,0,0,0,0,0,0,0,2010.372793
81,17147.19764,738.5726804,0,0,0,0,0,0,0,0,0,4431.616735,0,0,0,0,0,0,0,0,0,5455.616241,0,0,0,0,0,0,0,0,0,6619.126075,0,0,0,0,0,0,0,0,0,6108.500694,42.468567,6318.667071,-71.158455,4535.561522,4395.199291,5746.155916,4417.394619,Horn Pond,0,0,0,0,0,0,0,0,0,5500.262636,0,0,0,0,0,0,0,0,0,5271.682721,7991.651781,0,0,0,0,0,0,0,0,0,8159.486582,4592.846078,0,0,0,0,0,0,0,0,0,5589.574042
82,5298.524347,22.691726,2,75,3,3,0,8,8,0,28,69.70091324,0,0,0,0,0,0,0,0,0,1104.275966,0,2,0,0,0,0,0,0,0,755.6689112,0,0,0,0,0,0,0,0,0,1708.782225,42.32978812,552.4159593,-71.05247108,4.770708888,29.25514836,2624.09839,1909.400484,Joe Moakley Park,0,1,0,0,0,0,0,0,0,855.0946699,0,7,0,0,0,0,0,0,2,397.0001379,371.9960846,0,1,0,0,0,0,0,0,1,373.18018,464.8308774,0,0,0,0,0,0,0,0,0,1006.953717
83,6430.391119,260.4967065,0,90,0,0,0,0,2,0,25,269.7372626,0,3,0,0,0,0,0,0,1,376.4450401,0,2,0,0,0,0,0,0,1,477.817812,0,0,0,0,0,0,0,0,0,1039.023816,42.34345512,468.7263755,-71.07982635,49.84783354,20.99127205,260.4964262,98.7870876,Titus Sparrow Park,0,1,0,0,0,0,0,0,0,978.8703541,0,92,0,3,0,5,6,0,14,189.295655,73.5630266,0,17,0,0,0,0,1,0,3,280.7250815,56.22032198,0,4,0,0,0,0,0,0,0,590.2144639
84,8096.674456,83.67456573,0,62,2,4,0,8,11,0,21,113.5457168,0,1,0,0,0,0,0,0,0,709.9219807,0,0,0,0,0,0,0,0,0,1193.318824,0,5,0,0,0,0,0,0,0,512.0059965,42.34259135,574.3002535,-71.10070712,83.67445931,22.0603257,541.2224314,555.9271047,David Dorothy Ramler Park,0,0,0,0,0,0,0,0,0,1245.168972,0,31,4,7,0,7,10,0,13,132.2291326,431.5428118,0,12,0,0,0,0,0,0,1,429.490554,556.4991421,0,2,0,0,0,0,0,0,0,556.5667993
85,9074.546107,500.6180695,0,31,0,0,0,0,0,0,0,501.1493967,0,1,0,0,0,0,0,0,0,669.9141119,0,0,0,0,0,0,0,0,0,1311.412844,0,1,0,0,0,0,0,0,0,985.6000052,42.3461054,550.3019973,-71.1141344,195.4459167,17.03731962,518.6523162,497.7034193,Amory Park,0,0,0,0,0,0,0,0,0,1497.321625,0,16,0,0,0,0,0,0,0,522.4029796,217.5306599,0,13,0,0,0,1,2,0,3,233.1022492,543.2939305,0,0,0,0,0,0,0,0,0,1137.689192
86,11653.57414,463.8488167,0,22,0,0,0,0,0,0,0,502.8522778,0,1,0,0,0,0,0,0,0,860.696252,0,0,0,0,0,0,0,0,0,2648.967653,0,0,0,0,0,0,0,0,0,1513.533595,42.336428,2357.965089,-71.143192,103.8367928,64.24762647,611.3250762,1958.415157,Waldstein Park,0,0,0,0,0,0,0,0,0,1560.616566,0,18,0,0,0,0,0,0,3,434.5147028,50.07629167,0,11,0,2,0,2,3,0,5,175.5082783,2169.278306,0,0,0,0,0,0,0,0,0,2325.820665
87,12737.13866,364.0160548,0,0,0,0,0,0,0,0,0,5721.578348,0,0,0,0,0,0,0,0,0,6398.327908,0,0,0,0,0,0,0,0,0,11543.90497,0,0,0,0,0,0,0,0,0,8686.979387,42.47674473,5916.860231,-70.98623872,5336.83571,5407.056272,5318.016202,5904.245623,Lynn Woods Reservation,0,0,0,0,0,0,0,0,0,6930.811383,0,0,0,0,0,0,0,0,0,3334.650462,7046.887221,0,0,0,0,0,0,0,0,0,7046.88735,5303.743883,0,0,0,0,0,0,0,0,0,9136.386288
88,8941.035094,437.5749942,0,34,0,0,0,0,0,0,2,428.3327973,0,1,0,0,0,0,0,0,0,802.2005081,0,0,0,0,0,0,0,0,0,1384.62908,0,3,0,0,0,0,0,0,0,882.0653404,42.34598471,490.3739268,-71.11244202,135.4959728,90.08084801,510.261636,424.8641979,Hall's Pond Sanctuary,0,0,0,0,0,0,0,0,0,1545.005649,0,18,0,0,0,0,0,0,3,384.1032429,155.6864847,0,12,0,1,0,1,2,0,4,162.8316239,477.5741053,0,0,0,0,0,0,0,0,0,1002.247589
89,3882.087557,64.33329869,0,58,4,4,0,5,7,0,21,137.9267883,1,3,1,1,0,1,1,0,2,55.41159882,0,3,0,0,0,0,0,0,1,454.7083042,0,0,0,0,0,0,0,0,0,1133.980967,42.3557396,73.66736289,-71.0524673,64.33237999,19.75492187,702.8872275,87.84873251,Rose Fitzgerald Kennedy Greenway Conservancy,0,2,0,0,0,0,0,0,0,907.6542144,0,93,1,3,0,4,6,0,19,146.1621782,245.2794169,0,14,0,0,0,0,0,0,3,414.5036392,499.8561846,0,9,0,0,0,0,0,0,1,499.6594227
90,4122.138859,28.95154303,0,58,5,6,0,8,11,0,24,100.1173246,0,3,0,0,0,1,2,0,3,221.6165258,0,4,0,0,0,0,0,0,0,742.5405386,0,1,0,0,0,0,0,0,0,837.626637,42.35341628,2.86212512,-71.0547068,21.24476529,88.56431113,922.1175432,13.10041433,Dewey Square Park,0,1,0,0,0,0,0,0,0,912.108437,0,63,1,2,0,2,3,0,8,132.7113734,39.64211647,1,17,2,2,0,3,3,0,3,99.14731652,205.5512309,0,9,0,0,0,9,9,0,9,205.3395282
91,4539.991406,28.07658643,0,64,1,3,0,3,7,0,18,106.3035811,0,3,0,0,0,0,1,0,1,277.4884885,0,3,0,0,0,0,0,0,0,541.6275411,0,1,0,0,0,0,0,0,1,414.072566,42.35171825,12.96015172,-71.05933294,28.07688827,4.351978418,675.8473308,62.01100664,Chinatown Park - Rose Kennedy Greenway,0,1,0,0,0,0,0,0,0,884.51225,1,58,5,6,0,9,10,0,13,75.44131842,20.83676168,0,20,0,0,0,0,3,0,11,264.9036003,302.0127159,0,9,0,0,0,0,0,0,9,312.7724238
92,5927.123862,24.26881073,1,48,4,4,0,5,6,0,14,89.83839083,0,2,0,0,0,0,0,0,1,455.3124316,0,2,0,0,0,0,0,0,1,350.6840513,0,0,0,0,0,0,0,0,0,1046.918675,42.35016987,251.3161925,-71.07620242,24.26855415,67.70558424,215.0781918,67.70558424,Copley Square Fountain,0,0,0,0,0,0,0,0,0,1321.792616,1,72,3,6,0,9,13,0,31,58.88702179,22.20380004,0,6,1,1,0,1,1,0,3,148.9660347,283.9343419,0,4,0,0,0,0,2,0,4,292.1081167
93,26136.1849,27.99532705,0,0,0,0,0,0,0,0,0,8596.234422,0,0,0,0,0,0,0,0,0,11151.00855,0,0,0,0,0,0,0,0,0,9666.149143,0,0,0,0,0,0,0,0,0,15172.10941,42.485942,9375.763821,-71.277214,8615.385806,8501.955241,12565.03902,8573.441543,Minuteman Bikeway,0,0,0,0,0,0,0,0,0,12671.59265,0,0,0,0,0,0,0,0,0,5728.04704,14938.93545,0,0,0,0,0,0,0,0,0,14938.93545,12773.48767,0,0,0,0,0,0,0,0,0,13014.23124
94,8123.99127,98.0891877,0,49,0,1,0,1,2,0,6,173.5836591,0,2,0,0,0,0,0,0,0,820.5817042,0,0,0,0,0,0,0,0,0,1309.655193,0,0,0,0,0,0,0,0,0,1839.501172,42.356369,560.427035,-71.104589,29.82556903,2.403687415,365.598727,301.9304447,Fort Washington,0,0,0,0,0,0,0,0,0,1953.89893,0,21,0,0,0,0,0,0,0,835.3448738,728.3511606,0,4,0,0,0,0,0,0,0,731.2855929,42.74737883,0,0,0,0,0,0,0,0,0,1026.353181
95,10461.06588,250.9091879,0,37,0,0,0,0,3,0,6,288.703254,0,3,0,0,0,0,0,0,0,794.1544254,0,0,0,0,0,0,0,0,0,1245.594011,0,0,0,0,0,0,0,0,0,1423.231059,42.346216,1124.937101,-71.131314,242.7138146,34.22237202,364.7605221,887.1878408,Coolidge Park,0,0,0,0,0,0,0,0,0,1622.206318,0,59,0,0,0,0,2,0,12,264.8400525,390.3834585,0,11,0,0,0,0,0,0,2,383.1722319,1077.97333,0,0,0,0,0,0,0,0,0,1129.225269
96,10948.97637,292.7867434,0,49,0,0,0,0,1,0,12,297.0692005,0,1,0,0,0,0,0,0,1,404.869285,0,0,0,0,0,0,0,0,0,1189.521834,0,1,0,0,0,0,0,0,0,811.939475,42.35042512,752.6526023,-71.13819122,287.4417342,93.85118987,180.9214923,360.462216,Ringer Park,0,0,0,0,0,0,0,0,0,1028.434801,0,41,0,0,0,1,4,0,14,234.6139853,173.1507484,0,5,0,0,0,1,2,0,3,210.4090177,705.1300753,0,2,0,0,0,0,0,0,0,750.7729985
97,13422.94822,98.272443,0,40,0,0,0,0,0,0,0,566.6850959,0,1,0,0,0,0,0,0,0,587.9361509,0,0,0,0,0,0,0,0,0,1401.047457,0,0,0,0,0,0,0,0,0,1903.26858,42.356545,98.27242502,-71.169087,165.0572254,73.80179665,679.5777689,566.1914724,Hunnewell Park,0,0,0,0,0,0,0,0,0,1720.253914,0,8,0,0,0,0,0,0,0,595.6899536,1828.464582,0,0,0,0,0,0,0,0,0,1828.464577,59.76869434,0,0,0,0,0,0,0,0,0,2469.087117
98,14943.7056,582.7515604,0,0,0,0,0,0,0,0,0,7413.996566,0,0,0,0,0,0,0,0,0,7564.007533,0,0,0,0,0,0,0,0,0,9630.889026,0,0,0,0,0,0,0,0,0,9425.412498,42.49463886,7566.397045,-71.04418516,7316.378814,7291.326579,7580.755436,7297.058334,Breakheart Reservation,0,0,0,0,0,0,0,0,0,7910.122499,0,0,0,0,0,0,0,0,0,4671.219509,6714.17713,0,0,0,0,0,0,0,0,0,7955.844469,7673.422053,0,0,0,0,0,0,0,0,0,7953.876553
99,4914.551471,43.37253945,1,51,1,1,0,3,3,1,7,46.76384379,0,2,0,0,0,0,0,0,1,463.9406913,0,1,0,0,0,0,0,0,0,998.6292086,0,4,0,0,0,0,0,0,0,716.701194,42.35668182,610.0021217,-71.06542206,43.37226673,46.76349602,460.2945136,319.0792476,Frog Pond Facility Boston Common,0,2,0,0,0,0,0,0,1,391.1081958,0,53,0,0,0,1,2,0,17,238.8871831,76.67234729,0,19,0,0,0,0,1,0,5,261.8584233,1003.297514,0,0,0,0,0,0,0,0,0,1007.848602
100,5417.426328,208.0739114,0,42,0,0,0,0,1,0,6,279.0407538,0,2,0,0,0,0,0,0,0,543.8065817,0,2,0,0,0,0,0,0,0,685.8033689,0,2,0,0,0,0,0,0,0,768.7899524,42.35382567,332.8588539,-71.07095864,54.20450659,86.67565534,55.8751747,55.87497212,George Washington Statue,0,1,0,0,0,0,0,0,0,939.1491565,0,66,0,0,0,3,3,0,8,231.1336679,216.6120448,0,16,0,0,0,1,1,0,1,228.5311487,678.1344866,0,4,0,0,0,0,0,0,0,764.3473183
101,8384.288184,33.06872221,3,48,4,5,0,5,8,2,18,31.70082438,0,2,0,0,0,0,1,0,1,256.756107,0,0,0,0,0,0,0,0,0,1126.686473,0,0,0,0,0,0,0,0,0,1522.17211,42.361328,775.6994974,-71.108139,278.8709096,11.6032254,757.9892542,581.282055,Dana Park,0,0,0,0,0,0,0,0,0,1942.524561,0,30,0,0,0,0,0,0,5,340.2715161,598.6594249,0,1,0,0,0,0,0,0,0,578.712611,562.4150984,0,0,0,0,0,0,0,0,0,1645.557884
102,4424.240568,147.3077376,0,21,0,2,0,2,2,0,5,160.3032304,0,0,0,0,0,0,0,0,0,1427.141786,0,0,0,0,0,0,0,0,0,2365.340044,0,0,0,0,0,0,0,0,0,2471.325539,42.38799579,238.1370949,-71.04827151,237.9607623,4.925105831,1587.930514,1693.089547,Mary O' Malley Waterfront Park,0,1,0,0,0,0,0,0,0,697.0281226,0,2,0,0,0,0,0,0,0,624.053302,1143.65835,0,0,0,0,0,0,0,0,0,1173.774963,544.9346428,0,0,0,0,0,0,0,0,0,1476.206653
103,3170.425436,40.52477214,0,29,0,0,0,0,0,0,4,349.7469829,0,2,0,0,0,0,0,0,0,835.0695384,0,0,0,0,0,0,0,0,0,1368.182514,0,0,0,0,0,0,0,0,0,2058.154043,42.37049438,538.9907839,-71.04354747,159.5762715,5.69910471,40.52509789,1268.884527,Lo Presti Park,0,1,0,0,0,0,0,0,1,395.1166053,0,12,0,0,0,0,0,0,1,493.1855771,378.8823552,0,1,0,0,0,0,0,0,1,366.9112091,1574.808074,0,0,0,0,0,0,0,0,0,1574.747187
104,2632.489589,71.40775229,0,36,0,0,0,2,3,0,11,227.7646728,0,0,0,0,0,0,0,0,0,1047.169654,0,1,0,0,0,0,0,0,0,970.2535017,0,0,0,0,0,0,0,0,0,2613.040283,42.3709183,249.8640566,-71.0365372,0.707478674,1.322976287,287.8019372,914.1614143,East Boston Greenway,0,2,0,1,0,1,1,0,1,187.3325105,0,11,0,0,0,1,1,0,4,216.8565777,67.35159955,0,3,0,0,0,0,0,0,1,329.4623936,2145.258933,0,0,0,0,0,0,0,0,0,2145.209282
105,3008.476345,6.106530207,4,39,5,5,0,7,9,1,15,44.08643759,0,1,0,0,0,0,0,0,0,866.3274524,0,0,0,0,0,0,0,0,0,1376.042085,0,0,0,0,0,0,0,0,0,2607.757353,42.375,184.2876001,-71.03916931,3.526162515,62.01977408,186.1004944,1330.300577,Navy Fuel Pier,0,2,0,0,0,0,0,0,1,441.5012199,0,11,1,2,0,3,3,0,6,111.1093145,437.2909001,0,3,0,0,0,0,0,0,0,668.1186826,2089.840027,0,0,0,0,0,0,0,0,0,2096.422294
106,4418.840709,84.74832821,0,42,1,3,0,6,8,0,16,149.7085713,0,3,0,0,0,0,1,0,1,290.6192731,0,2,0,0,0,0,0,0,0,585.8080603,0,0,0,0,0,0,0,0,0,1227.088883,42.37244,110.3704494,-71.05852,84.74818478,1.477404586,106.7707966,125.9977652,Paul Revere Park,0,0,0,0,0,0,0,0,0,1053.192545,0,32,0,0,0,0,0,0,5,400.2178546,585.9554414,0,3,0,0,0,0,0,0,0,819.3787862,654.6707787,0,10,0,0,0,0,0,0,0,716.8145874
107,8057.922328,120.7555487,0,106,2,7,0,10,12,0,25,140.6905958,0,2,0,0,0,0,0,0,0,854.9915463,0,0,0,0,0,0,0,0,0,1726.438875,0,1,0,0,0,0,0,0,0,941.8586095,42.38274,789.2351161,-71.10055,116.3596784,4.769094054,747.8071623,1667.757991,Somerville Community Path,0,1,0,0,0,0,0,0,0,788.0249905,0,31,0,1,0,2,3,0,8,172.9958431,1748.877832,0,0,0,0,0,0,0,0,0,1649.637688,285.5683281,0,0,0,0,0,0,0,0,0,1667.974132
108,7719.186144,49.36557823,2,94,6,8,0,11,12,0,25,60.02256832,0,2,0,0,0,0,0,0,0,571.732232,0,0,0,0,0,0,0,0,0,2121.064189,0,1,0,0,0,0,0,0,0,800.4237376,42.36835009,1345.556489,-71.09982491,49.36569968,51.46138853,1360.887936,457.5369461,Edward Sennott Park,0,0,0,0,0,0,0,0,0,1149.503528,0,49,0,1,0,1,1,0,10,162.2648805,474.5614658,0,1,0,0,0,0,0,0,1,461.6031956,883.0255656,0,0,0,0,0,0,0,0,0,2300.372531
109,7301.924267,73.34998517,0,71,2,2,0,4,10,0,15,122.9654465,0,2,0,0,0,0,0,0,0,558.085233,0,0,0,0,0,0,0,0,0,2148.982341,0,0,0,0,0,0,0,0,0,1225.701772,42.36617969,1311.089053,-71.09493016,73.3500614,24.38012613,966.7995582,520.8169879,Greene Rose Heritage Park,0,1,0,0,0,0,0,0,0,749.1985767,0,48,0,0,0,0,2,0,13,290.8021922,344.9749358,0,2,0,0,0,0,0,0,0,737.3166173,523.0333006,0,0,0,0,0,0,0,0,0,2108.798967
110,7694.128595,17.98322341,2,65,2,4,0,4,5,1,16,44.98471343,1,2,1,1,0,1,1,1,1,46.04253266,0,0,0,0,0,0,0,0,0,1844.157233,0,0,0,0,0,0,0,0,0,1324.647403,42.36329572,1368.990088,-71.09978874,18.36280526,92.48407331,838.7523593,17.98313222,Jill Brown-Rhone Park,0,0,0,0,0,0,0,0,0,1221.56125,0,32,5,10,0,13,15,0,20,100.5204333,13.97153765,0,1,0,0,0,0,0,0,1,409.0124139,478.8999776,0,0,0,0,0,0,0,0,0,1739.230225
111,9559.401136,86.43610024,0,50,4,4,0,5,8,0,19,100.4061924,0,1,0,0,0,0,0,0,0,552.3237085,0,0,0,0,0,0,0,0,0,2207.92644,0,0,0,0,0,0,0,0,0,1143.300364,42.376855,727.3146717,-71.120943,86.91084037,97.58968722,86.09333842,93.9343799,Cambridge Common Park,0,0,0,0,0,0,0,0,0,2378.471238,0,43,0,0,0,0,3,0,19,272.8809182,88.07513972,0,1,0,0,0,0,0,0,1,355.9086257,1142.395288,0,0,0,0,0,0,0,0,0,1275.755238
112,8590.509359,151.7835768,0,74,0,4,0,4,4,0,12,162.9205214,0,3,0,0,0,0,0,0,1,496.7048124,0,0,0,0,0,0,0,0,0,1439.822021,0,1,0,0,0,0,0,0,0,943.2849525,42.36758217,627.5424649,-71.1104954,248.6083254,5.136874225,1267.566728,150.3528196,Franklin Street Park,0,0,0,0,0,0,0,0,0,1983.048795,0,45,1,2,0,4,6,0,10,146.9046719,147.8106514,0,2,0,0,0,0,0,0,0,598.7662047,1117.302659,0,0,0,0,0,0,0,0,0,2229.102887
113,10064.93692,148.6638105,0,41,0,0,0,1,3,0,15,220.6104273,0,1,0,0,0,0,0,0,0,965.2328822,0,0,0,0,0,0,0,0,0,2106.469742,0,1,0,0,0,0,0,0,0,606.7605222,42.37584686,328.5029687,-71.12735748,85.70325758,13.28106454,547.544594,203.6954846,Longfellow Park,0,0,0,0,0,0,0,0,0,2323.793566,0,37,0,0,0,0,1,0,4,282.4679987,628.238327,0,1,0,0,0,0,0,0,0,724.7709269,1512.613672,0,0,0,0,0,0,0,0,0,1529.637278
114,10613.04838,237.3102415,0,26,0,0,0,2,2,0,7,245.6796892,0,0,0,0,0,0,0,0,0,1291.815988,0,0,0,0,0,0,0,0,0,1173.252631,0,1,0,0,0,0,0,0,0,951.0463263,42.36536163,812.3721667,-71.13518715,41.85059476,1.398332105,839.9440798,919.7683724,Herter Park,0,0,0,0,0,0,0,0,0,1067.921429,0,5,0,0,0,0,1,0,3,277.4359644,1628.078553,0,0,0,0,0,0,0,0,0,1650.890241,943.5717193,0,1,0,0,0,0,0,0,0,968.4088906
115,12746.01848,9.324763761,0,31,3,3,0,4,4,0,8,127.8393642,0,1,0,0,0,0,0,0,0,830.8719477,0,0,0,0,0,0,0,0,0,2197.213455,0,0,0,0,0,0,0,0,0,1852.313334,42.3631163,601.9898797,-71.1611148,9.324716005,40.85290281,461.9267578,421.6256927,Arsenal Park,0,0,0,0,0,0,0,0,0,1270.808003,0,10,0,0,0,0,0,0,3,464.6419133,2559.331435,0,0,0,0,0,0,0,0,0,2355.692188,635.3835447,0,0,0,0,0,0,0,0,0,1928.794454
116,18630.86212,3.852363471,0,0,0,0,0,0,0,0,0,10413.46176,0,0,0,0,0,0,0,0,0,10513.30502,0,0,0,0,0,0,0,0,0,11579.71845,0,0,0,0,0,0,0,0,0,11076.2297,42.5223822,10589.59318,-71.07713708,10379.1596,10373.13492,10600.52325,10531.63402,Lake Quannapowitt,0,0,0,0,0,0,0,0,0,10631.82967,0,0,0,0,0,0,0,0,0,7481.912488,9442.694472,0,0,0,0,0,0,0,0,0,10644.36906,10378.03242,0,0,0,0,0,0,0,0,0,10643.88659
117,3973.569881,146.016408,0,29,1,2,0,2,3,0,4,145.3716655,0,0,0,0,0,0,0,0,0,1006.513342,0,0,0,0,0,0,0,0,0,1502.564307,0,0,0,0,0,0,0,0,0,2150.972016,42.3781883,244.4221894,-71.0501016,209.2535572,14.0588951,763.9691104,797.6440897,Mayor Thomas M. Menino Park,0,0,0,0,0,0,0,0,0,1223.508374,0,5,0,0,0,0,0,0,1,411.9801988,1347.646554,0,0,0,0,0,0,0,0,0,1339.529401,1315.178352,0,0,0,0,0,0,0,0,0,1622.030453
118,5154.692748,181.4658836,0,24,0,0,0,0,0,0,0,560.1973022,0,2,0,0,0,0,0,0,0,732.1887051,0,2,0,0,0,0,1,0,1,252.5456859,0,3,0,0,0,0,0,0,0,786.3918396,42.37027335,13.07239288,-71.06820464,68.2544636,18.43833108,333.6045247,327.1426473,Lynch Family Skatepark,0,1,0,0,0,0,0,0,1,383.6495352,0,9,0,0,0,0,0,0,0,601.8835445,221.9274411,0,4,0,0,0,0,0,0,2,394.0470027,51.17052553,0,10,0,0,0,0,0,0,0,655.9370432
119,10366.33904,552.5598431,0,53,0,0,0,0,0,0,0,546.2318151,0,2,0,0,0,0,0,0,1,308.4891445,0,0,0,0,0,0,0,0,0,1672.734928,0,0,0,0,0,0,0,0,0,1520.822126,42.3868088,1516.710082,-71.12810612,541.2877101,40.52256141,644.0599203,1042.994285,Raymond Park,0,0,0,0,0,0,0,0,0,3071.471791,0,24,0,0,0,0,0,0,1,400.3910611,728.9330206,0,1,0,0,0,0,0,0,0,759.249513,333.7922104,0,2,0,0,0,0,0,0,0,737.2965345
120,20525.59515,18.32397727,0,0,0,0,0,0,0,0,0,3662.541308,0,0,0,0,0,0,0,0,0,5609.066115,0,0,0,0,0,0,0,0,0,4440.690755,0,0,0,0,0,0,0,0,0,9982.875292,42.397104,4092.114817,-71.251352,3404.712865,3407.967788,4625.409576,3718.745496,Prospect Hill Park,0,0,0,0,0,0,0,0,0,5059.955018,0,0,0,0,0,0,0,0,0,2288.712218,6632.861628,0,0,0,0,0,0,0,0,0,8952.178604,3781.922623,0,0,0,0,0,0,0,0,0,5111.988011
121,22155.14858,1452.471242,0,0,0,0,0,0,0,0,0,15497.43088,0,0,0,0,0,0,0,0,0,16277.14149,0,0,0,0,0,0,0,0,0,22550.49057,0,0,0,0,0,0,0,0,0,19759.45794,42.53477,16936.24553,-70.86939,14808.08425,15335.37595,14925.01958,16836.91193,Salem Willows Park,0,0,0,0,0,0,0,0,0,16618.93478,0,0,0,0,0,0,0,0,0,2519.976862,16815.73552,0,0,0,0,0,0,0,0,0,16815.73563,15147.56591,0,0,0,0,0,0,0,0,0,20528.00193
122,11723.7506,466.3610175,0,39,0,0,0,0,0,0,6,452.9987543,0,0,0,0,0,0,0,0,0,1026.018686,0,0,0,0,0,0,0,0,0,1711.794371,0,0,0,0,0,0,0,0,0,2392.89867,42.41141726,1623.425367,-71.13293409,321.6586504,18.5915657,277.6582787,163.2875702,Alewife Brook Greenway,0,0,0,0,0,0,0,0,0,1811.466296,0,4,0,0,0,0,0,0,0,658.9301348,1502.300333,0,0,0,0,0,0,0,0,0,1851.958464,780.6334884,0,0,0,0,0,0,0,0,0,1151.689175
123,23664.98047,1433.306397,0,0,0,0,0,0,0,0,0,16985.10993,0,0,0,0,0,0,0,0,0,17766.01905,0,0,0,0,0,0,0,0,0,24051.16412,0,0,0,0,0,0,0,0,0,21205.10333,42.546835,18376.81801,-70.860873,16299.21934,16820.51141,16413.65262,18308.8486,Lynch Park,0,0,0,0,0,0,0,0,0,18114.06952,0,0,0,0,0,0,0,0,0,3908.224042,18309.72721,0,0,0,0,0,0,0,0,0,18309.72732,16631.2562,0,0,0,0,0,0,0,0,0,22000.43358
124,9959.352721,60.77971659,5,68,9,11,0,14,14,0,20,62.40689798,0,2,0,0,0,0,0,0,0,863.2872686,0,0,0,0,0,0,0,0,0,1706.677837,0,0,0,0,0,0,0,0,0,2854.403669,42.40051657,1503.569257,-71.11626148,60.77951499,70.28687096,1100.721815,1320.693156,Powderhouse Square / Powderhouse Park,0,0,0,0,0,0,0,0,0,1570.580869,0,44,2,2,0,2,2,0,7,101.9827922,569.9081385,0,1,0,0,0,0,0,0,0,645.5065691,365.1267812,0,0,0,0,0,0,0,0,0,1370.881144
125,10558.60852,39.91807572,2,72,2,4,0,5,9,1,23,43.0876955,0,1,0,0,0,0,0,0,1,376.5909512,0,0,0,0,0,0,0,0,0,1467.850347,0,0,0,0,0,0,0,0,0,2982.745019,42.39978661,1403.080623,-71.12463983,39.91802006,48.57597579,519.2202121,865.898635,Hodgkins-Curtin Park,0,0,0,0,0,0,0,0,0,2149.131608,0,44,3,4,0,4,5,0,13,104.9314056,275.4112765,0,1,0,0,0,0,0,0,1,390.9890465,1032.210583,0,0,0,0,0,0,0,0,0,1336.454509
126,12726.55197,466.3316216,0,0,0,0,0,0,0,0,0,6257.407338,0,0,0,0,0,0,0,0,0,7012.422597,0,0,0,0,0,0,0,0,0,13155.77937,0,0,0,0,0,0,0,0,0,10866.0317,42.4620209,8196.066026,-70.9284897,5543.275042,6123.851452,5687.859642,7678.706251,Red Rock Park,0,0,0,0,0,0,0,0,0,7287.302506,0,0,0,0,0,0,0,0,0,1577.231066,7493.284222,0,0,0,0,0,0,0,0,0,7493.284318,5965.045974,0,0,0,0,0,0,0,0,0,11366.72177
127,9694.274695,213.8051492,0,44,0,0,0,3,4,0,13,220.0823391,0,1,0,0,0,0,0,0,0,796.4386484,0,0,0,0,0,0,0,0,0,1727.88026,0,0,0,0,0,0,0,0,0,2144.971992,42.42766971,1443.582438,-71.0855341,59.9369404,97.18345834,510.7050481,220.4353978,Fellsmere Park,0,0,0,0,0,0,0,0,0,1030.695771,0,6,0,0,0,0,0,0,0,777.2229847,940.5721509,0,1,0,0,0,0,0,0,0,931.1381284,944.3577303,0,1,0,0,0,0,0,0,0,935.5707368
128,35392.56182,8262.128674,0,0,0,0,0,0,0,0,0,18293.11868,0,0,0,0,0,0,0,0,0,20820.04245,0,0,0,0,0,0,0,0,0,19376.64786,0,0,0,0,0,0,0,0,0,24277.3432,42.5547665,19083.69682,-71.3500727,18312.30439,18201.88643,22246.82919,18270.25756,Great Brook Farm State Park,0,0,0,0,0,0,0,0,0,22161.76116,0,0,0,0,0,0,0,0,0,15419.45802,24558.02974,0,0,0,0,0,0,0,0,0,24558.02974,22069.54655,0,0,0,0,0,0,0,0,0,22721.79778
129,20059.88917,183.6168528,0,0,0,0,0,0,0,0,0,13346.48316,0,0,0,0,0,0,0,0,0,14127.50271,0,0,0,0,0,0,0,0,0,20419.53574,0,0,0,0,0,0,0,0,0,17593.59491,42.52088012,14770.9828,-70.8878921,12661.24645,13181.89268,12775.13026,14674.89353,Salem Maritime National Historic Site,0,0,0,0,0,0,0,0,0,14477.8203,0,1,0,0,0,0,0,0,0,615.8712443,14672.80425,0,0,0,0,0,0,0,0,0,14672.80436,12992.7892,0,0,0,0,0,0,0,0,0,18366.34085
130,9879.427317,29.74776961,0,0,0,0,0,0,0,0,0,1246.646476,0,0,0,0,0,0,0,0,0,1308.975011,0,0,0,0,0,0,0,0,0,3748.800725,0,0,0,0,0,0,0,0,0,3976.881921,42.439841,3205.216813,-71.066943,1204.454978,1207.279066,1549.883212,1539.345143,Pine Banks Park,0,0,0,0,0,0,0,0,0,1542.564873,0,1,0,1,0,1,1,0,1,170.4132613,411.6410155,0,0,0,0,0,0,0,0,0,1592.975974,1311.587228,0,0,0,0,0,0,0,0,0,1590.71117
131,14324.40044,536.2318139,0,0,0,0,0,0,0,0,0,1368.161402,0,0,0,0,0,0,0,0,0,2394.309253,0,0,0,0,0,0,0,0,0,4089.323437,0,0,0,0,0,0,0,0,0,3239.134138,42.44003657,3721.679183,-71.14597801,1229.504144,1237.550051,2576.624502,1358.007198,Mystic Lakes - Sandy Beach,0,0,0,0,0,0,0,0,0,2363.674069,0,0,0,0,0,0,0,0,0,2260.066947,4750.89589,0,0,0,0,0,0,0,0,0,4888.753386,1263.702027,0,0,0,0,0,0,0,0,0,2275.813918
132,16505.66554,376.3808683,0,23,0,0,0,0,0,0,5,375.2827057,0,0,0,0,0,0,0,0,0,1512.848805,0,0,0,0,0,0,0,0,0,1581.066589,0,0,0,0,0,0,0,0,0,6180.405212,42.42824435,1571.987745,-71.18653569,25.1756367,4.245320048,3083.872582,915.9384447,Arlington Reservoir Beach,0,0,0,0,0,0,0,0,0,2994.678635,0,5,0,0,0,0,0,0,1,479.7109028,5111.265202,0,0,0,0,0,0,0,0,0,5111.265199,3645.11917,0,0,0,0,0,0,0,0,0,3686.824885